,column,missing_count,missing_pct
17,district_y,182,6.018518518518518
20,longitude,182,6.018518518518518
19,latitude,182,6.018518518518518
18,state,182,6.018518518518518
0,record_id,0,0.0
4,commodity,0,0.0
3,market,0,0.0
2,district_x,0,0.0
1,sl_no,0,0.0
5,variety,0,0.0
6,grade,0,0.0
7,min_price_rs_per_quintal,0,0.0
8,max_price_rs_per_quintal,0,0.0
12,temperature_max,0,0.0
11,temperature_mean,0,0.0
10,date,0,0.0
9,modal_price_rs_per_quintal,0,0.0
16,et0,0,0.0
15,wind_speed_max,0,0.0
14,rainfall,0,0.0
13,temperature_min,0,0.0
