,min_price_rs_per_quintal,min_price_rs_per_quintal,min_price_rs_per_quintal,min_price_rs_per_quintal,min_price_rs_per_quintal,min_price_rs_per_quintal,modal_price_rs_per_quintal,modal_price_rs_per_quintal,modal_price_rs_per_quintal,modal_price_rs_per_quintal,modal_price_rs_per_quintal,modal_price_rs_per_quintal,max_price_rs_per_quintal,max_price_rs_per_quintal,max_price_rs_per_quintal,max_price_rs_per_quintal,max_price_rs_per_quintal,max_price_rs_per_quintal
,count,mean,median,std,min,max,count,mean,median,std,min,max,count,mean,median,std,min,max
month,,,,,,,,,,,,,,,,,,
1,313,1852.8435,1800.0,255.9771,1000,3200,313,1937.9872,1900.0,248.6801,1100,3800,313,2036.2588,2000.0,246.6083,1200,4000
2,304,1834.4079,1800.0,308.5701,1000,3000,304,1906.4803,1900.0,312.0862,1100,3200,304,2000.0,2000.0,317.752,1200,3300
3,285,1841.3333,1800.0,286.2217,1000,4200,285,1912.5754,1900.0,289.8094,1100,4300,285,2004.1123,2000.0,290.3574,1200,4472
4,244,1808.3197,1800.0,179.2579,1500,2200,244,1871.2295,1850.0,175.4457,1600,2250,244,1947.459,1900.0,173.1828,1625,2550
5,286,1804.4406,1800.0,162.3194,1400,2200,286,1869.5979,1850.0,172.413,1500,2500,286,1950.5385,1900.0,198.1231,1600,3330
6,202,1837.6733,1800.0,186.4016,1300,2800,202,1913.2228,1900.0,199.9797,1500,3000,202,2035.8812,2000.0,253.6081,1600,3300
7,169,1856.3905,1800.0,200.2929,1200,3200,169,1929.5562,1900.0,212.9776,1400,3500,169,2130.7041,2000.0,1707.4187,1500,24000
8,121,1920.5785,1850.0,265.3435,1000,3000,121,2019.8017,1900.0,308.4229,1200,4000,121,2108.3306,2000.0,306.9626,1300,4200
9,196,1919.5918,1800.0,257.9025,1100,3200,196,2008.7602,1900.0,282.386,1350,3500,196,2108.0816,2000.0,316.4043,1700,4000
10,249,1868.1526,1800.0,219.9647,1150,3200,249,1951.6867,1900.0,230.2776,1500,3500,249,2032.3293,2000.0,244.319,1600,4000
11,296,1881.3007,1850.0,181.6922,1550,2666,296,1942.1622,1900.0,187.0287,1650,2800,296,2020.1284,2000.0,197.6502,1700,3150
12,359,1884.9025,1850.0,249.9484,1300,4400,359,1946.0446,1900.0,262.6125,1400,4600,359,2026.4513,2000.0,283.3564,1500,4800
