date,market,temperature_mean,temperature_max,temperature_min,rainfall,wind_speed_max,et0
2026-07-26,Budalur,30.6,36.55,26.25,0.0,19.27,6.39
2026-07-27,Budalur,30.3,36.83,26.39,0.29,19.6,6.51
2026-07-28,Budalur,31.11,37.26,26.43,1.1,19.96,6.08
2026-07-29,Budalur,30.32,36.46,26.55,0.22,19.41,6.19
2026-07-30,Budalur,30.56,36.06,26.15,0.2,19.97,5.97
2026-07-31,Budalur,30.75,37.25,26.09,1.83,19.22,6.18
2026-08-01,Budalur,30.11,36.92,26.57,0.95,19.03,6.07
2026-08-02,Budalur,30.71,36.89,26.17,0.28,18.68,5.89
2026-08-03,Budalur,30.26,36.43,26.24,1.29,19.94,5.95
2026-08-04,Budalur,30.32,36.41,26.14,0.37,19.06,6.03
2026-08-05,Budalur,30.64,35.94,26.25,1.27,20.01,5.8
2026-08-06,Budalur,30.56,35.91,26.31,0.18,19.52,5.97
2026-08-07,Budalur,30.23,35.78,25.95,0.0,18.69,5.88
2026-08-08,Budalur,30.35,36.18,25.86,0.8,18.83,5.99
2026-08-09,Budalur,30.48,36.0,26.19,0.04,18.9,5.87
2026-08-10,Budalur,30.21,36.09,25.73,1.55,19.47,5.73
2026-08-11,Budalur,30.0,35.93,26.14,0.28,18.6,5.62
2026-08-12,Budalur,29.68,35.17,25.77,1.07,19.29,5.61
2026-08-13,Budalur,29.79,34.99,25.81,0.04,19.31,5.72
2026-08-14,Budalur,29.82,35.37,26.19,1.15,18.47,5.79
2026-08-15,Budalur,29.8,35.77,25.68,0.0,18.64,5.61
2026-08-16,Budalur,30.1,35.68,25.3,0.17,18.52,5.6
2026-08-17,Budalur,29.32,35.0,25.68,1.4,18.77,5.51
2026-08-18,Budalur,29.25,35.59,25.9,0.0,18.77,5.39
2026-08-19,Budalur,29.59,35.13,25.69,1.07,18.95,5.47
2026-08-20,Budalur,29.27,35.23,25.54,1.69,18.59,5.28
2026-08-21,Budalur,29.24,35.56,25.34,1.04,18.6,5.44
2026-08-22,Budalur,29.72,35.12,25.93,1.13,18.46,5.22
2026-08-23,Budalur,29.6,35.02,25.39,1.7,18.58,5.52
2026-08-24,Budalur,29.21,34.77,25.99,1.68,18.78,5.45
2026-08-25,Budalur,29.31,35.57,25.36,1.51,18.6,5.08
2026-08-26,Budalur,29.19,34.87,25.48,1.51,17.96,5.34
2026-08-27,Budalur,29.31,35.13,25.35,0.59,17.55,5.36
2026-08-28,Budalur,29.02,34.98,25.42,0.0,18.05,5.28
2026-08-29,Budalur,29.05,35.55,25.22,2.21,17.92,5.25
2026-08-30,Budalur,29.29,34.69,25.0,0.0,17.87,5.0
2026-08-31,Budalur,29.41,34.63,25.31,2.45,17.46,5.14
2026-09-01,Budalur,29.19,34.76,25.36,1.81,17.08,5.36
2026-09-02,Budalur,29.3,34.97,24.98,1.47,17.55,4.94
2026-09-03,Budalur,29.0,33.99,25.25,1.48,16.62,5.15
2026-09-04,Budalur,29.4,34.95,24.97,0.69,16.19,5.1
2026-09-05,Budalur,28.92,34.6,25.06,1.78,17.27,5.21
2026-09-06,Budalur,28.81,34.35,24.74,2.08,16.78,5.1
2026-09-07,Budalur,28.88,34.07,25.27,1.62,16.71,4.89
2026-09-08,Budalur,28.8,34.36,25.33,2.79,16.29,5.08
2026-09-09,Budalur,28.6,33.82,25.11,1.4,16.35,5.16
2026-09-10,Budalur,28.12,34.16,25.04,0.99,16.19,4.89
2026-09-11,Budalur,28.7,34.49,25.09,1.06,16.44,5.01
2026-09-12,Budalur,28.7,34.02,24.8,1.4,16.4,4.85
2026-09-13,Budalur,28.61,34.21,25.08,2.12,16.47,4.75
2026-09-14,Budalur,28.57,33.77,24.83,1.29,16.03,4.99
2026-09-15,Budalur,28.65,33.77,25.06,2.95,16.32,5.0
2026-09-16,Budalur,28.88,34.0,25.33,3.32,16.26,4.89
2026-09-17,Budalur,28.82,33.33,24.88,3.24,15.81,4.78
2026-09-18,Budalur,28.71,33.76,24.66,3.11,16.05,4.86
2026-09-19,Budalur,28.27,34.21,24.63,1.91,15.89,5.0
2026-09-20,Budalur,28.61,34.21,24.91,3.58,15.66,4.77
2026-09-21,Budalur,28.59,33.81,24.5,3.56,15.86,4.85
2026-09-22,Budalur,28.51,33.84,24.66,2.7,14.88,4.86
2026-09-23,Budalur,28.56,33.64,24.22,3.21,15.73,4.65
2026-09-24,Budalur,28.52,34.04,24.53,3.18,15.91,4.79
2026-09-25,Budalur,28.12,33.77,24.49,2.1,15.75,4.71
2026-09-26,Budalur,28.33,33.48,24.59,3.29,15.49,4.79
2026-09-27,Budalur,28.61,33.44,24.77,2.37,15.87,4.72
2026-09-28,Budalur,28.41,33.76,24.88,2.41,16.06,4.53
2026-09-29,Budalur,28.55,32.81,24.71,2.48,15.96,4.73
2026-09-30,Budalur,28.22,33.09,24.98,3.24,15.72,4.65
2026-10-01,Budalur,28.13,33.38,24.57,2.06,15.34,4.77
2026-10-02,Budalur,28.15,32.9,24.26,2.19,16.11,4.72
2026-10-03,Budalur,27.98,32.8,24.3,3.07,15.4,4.45
2026-10-04,Budalur,27.92,32.7,24.2,3.35,15.29,4.58
2026-10-05,Budalur,27.89,33.02,24.52,2.37,15.32,4.44
2026-10-06,Budalur,27.65,32.74,24.29,2.44,15.73,4.48
2026-10-07,Budalur,27.64,32.55,24.23,2.51,15.02,4.35
2026-10-08,Budalur,27.73,32.05,24.32,2.99,15.32,4.65
2026-10-09,Budalur,27.7,32.81,24.36,2.55,14.93,4.49
2026-10-10,Budalur,27.62,32.09,24.51,1.29,15.53,4.63
2026-10-11,Budalur,27.3,31.96,24.35,3.6,16.1,4.55
2026-10-12,Budalur,27.5,32.37,24.26,2.26,15.74,4.48
2026-10-13,Budalur,27.86,32.13,24.29,4.1,15.14,4.17
2026-10-14,Budalur,26.94,32.04,24.13,3.44,15.52,4.41
2026-10-15,Budalur,27.56,32.25,24.15,3.33,15.09,4.27
2026-10-16,Budalur,27.12,31.88,24.22,3.81,15.87,4.39
2026-10-17,Budalur,27.25,31.79,23.94,2.57,15.56,4.5
2026-10-18,Budalur,27.01,31.73,24.02,1.74,15.5,4.28
2026-10-19,Budalur,27.05,32.85,24.06,2.23,15.88,4.24
2026-10-20,Budalur,27.21,31.13,24.04,1.97,15.79,4.19
2026-10-21,Budalur,27.22,31.17,23.63,3.97,15.85,3.93
2026-10-22,Budalur,26.82,31.51,23.61,2.95,15.16,3.86
2026-10-23,Budalur,26.82,31.26,23.63,3.03,14.72,3.87
2026-10-24,Budalur,26.77,31.14,23.81,1.91,15.4,4.11
2026-10-25,Budalur,26.38,32.47,23.72,2.56,15.39,3.77
2026-10-26,Budalur,26.77,30.59,23.86,1.18,15.7,4.11
2026-10-27,Budalur,26.57,30.75,23.67,3.3,15.54,3.81
2026-10-28,Budalur,26.48,31.16,23.83,3.72,15.57,3.81
2026-10-29,Budalur,26.27,30.84,23.77,2.78,14.74,3.79
2026-10-30,Budalur,26.7,31.18,23.5,1.49,15.32,4.01
2026-10-31,Budalur,26.59,30.6,23.73,1.66,15.04,4.02
2026-11-01,Budalur,26.52,30.8,23.98,2.72,15.55,3.59
2026-11-02,Budalur,26.08,31.07,23.58,3.31,14.4,3.52
2026-11-03,Budalur,26.46,30.72,23.29,1.5,15.8,3.88
2026-11-04,Budalur,26.61,30.6,23.45,2.5,15.12,3.7
2026-11-05,Budalur,26.36,30.39,23.61,2.7,16.13,3.63
2026-11-06,Budalur,26.23,30.43,23.53,2.43,15.1,3.51
2026-11-07,Budalur,26.1,30.09,23.36,4.5,14.95,3.79
2026-11-08,Budalur,26.21,30.39,23.41,3.04,15.61,3.71
2026-11-09,Budalur,25.72,29.62,23.24,2.67,15.0,3.66
2026-11-10,Budalur,25.96,30.46,23.06,3.36,14.8,3.55
2026-11-11,Budalur,25.9,30.34,23.29,1.95,15.09,3.48
2026-11-12,Budalur,26.07,30.27,22.76,1.99,15.51,3.62
2026-11-13,Budalur,25.66,29.75,23.44,2.26,15.98,3.65
2026-11-14,Budalur,25.59,30.16,23.57,2.79,15.12,3.6
2026-11-15,Budalur,25.63,29.81,23.1,2.32,15.19,3.66
2026-11-16,Budalur,25.31,29.71,23.02,1.5,15.66,3.39
2026-11-17,Budalur,25.78,29.75,23.07,2.62,15.73,3.55
2026-11-18,Budalur,25.74,29.68,22.66,1.8,15.4,3.62
2026-11-19,Budalur,25.65,29.62,22.99,2.01,15.04,3.32
2026-11-20,Budalur,25.41,30.07,22.97,2.72,15.73,3.55
2026-11-21,Budalur,25.55,29.16,22.97,0.7,15.76,3.46
2026-11-22,Budalur,25.2,30.52,22.98,2.28,15.54,3.5
2026-11-23,Budalur,25.53,29.98,22.78,2.84,15.27,3.38
2026-11-24,Budalur,25.31,30.5,22.44,1.55,15.73,3.35
2026-11-25,Budalur,25.53,29.72,22.81,1.05,14.84,3.51
2026-11-26,Budalur,25.57,29.72,22.7,2.2,15.57,3.53
2026-11-27,Budalur,25.33,29.6,22.65,1.97,14.97,3.18
2026-11-28,Budalur,25.6,30.18,22.5,1.65,15.19,3.51
2026-11-29,Budalur,25.15,29.69,22.74,0.65,15.78,3.62
2026-11-30,Budalur,25.1,29.45,22.41,0.15,15.8,3.6
2026-07-26,Kumbakonam,31.08,37.3,26.65,0.22,19.62,6.33
2026-07-27,Kumbakonam,30.87,37.28,26.78,1.01,20.02,6.3
2026-07-28,Kumbakonam,30.85,36.98,27.22,0.0,20.31,6.22
2026-07-29,Kumbakonam,30.53,37.21,26.7,0.17,20.07,6.02
2026-07-30,Kumbakonam,30.49,37.43,26.86,0.0,20.11,6.01
2026-07-31,Kumbakonam,30.76,37.24,26.55,0.02,20.31,6.1
2026-08-01,Kumbakonam,30.74,36.91,26.67,1.31,19.76,5.88
2026-08-02,Kumbakonam,30.72,36.54,26.86,0.41,19.59,5.97
2026-08-03,Kumbakonam,31.03,36.66,26.34,0.79,19.31,6.22
2026-08-04,Kumbakonam,30.55,36.37,26.45,0.56,19.15,6.06
2026-08-05,Kumbakonam,30.65,36.61,26.45,1.75,19.16,6.13
2026-08-06,Kumbakonam,30.43,36.29,26.24,0.92,18.83,5.88
2026-08-07,Kumbakonam,30.75,36.63,26.35,0.89,18.87,5.72
2026-08-08,Kumbakonam,30.46,36.36,26.43,0.87,18.88,6.14
2026-08-09,Kumbakonam,30.46,36.51,26.74,0.2,18.83,6.09
2026-08-10,Kumbakonam,30.35,36.12,26.8,0.22,18.76,5.85
2026-08-11,Kumbakonam,30.21,36.43,26.04,1.19,18.31,6.2
2026-08-12,Kumbakonam,29.86,35.63,25.95,0.0,18.34,5.73
2026-08-13,Kumbakonam,30.06,35.6,26.47,1.12,18.85,5.91
2026-08-14,Kumbakonam,30.24,35.27,26.46,0.36,18.87,5.78
2026-08-15,Kumbakonam,29.69,35.95,26.28,0.27,17.85,5.4
2026-08-16,Kumbakonam,30.05,36.44,25.95,0.92,18.32,5.78
2026-08-17,Kumbakonam,29.67,36.17,25.92,0.58,18.18,5.63
2026-08-18,Kumbakonam,29.58,36.02,25.7,1.27,18.28,5.6
2026-08-19,Kumbakonam,29.83,36.05,26.03,0.51,18.08,5.66
2026-08-20,Kumbakonam,29.77,36.12,26.1,0.28,17.34,5.66
2026-08-21,Kumbakonam,30.4,35.53,26.31,0.0,16.97,5.89
2026-08-22,Kumbakonam,29.88,35.9,26.27,0.33,18.28,5.56
2026-08-23,Kumbakonam,29.71,36.51,25.97,0.0,16.84,5.69
2026-08-24,Kumbakonam,29.89,35.72,25.82,0.53,17.17,5.7
2026-08-25,Kumbakonam,30.01,35.76,25.38,0.38,17.42,5.46
2026-08-26,Kumbakonam,29.78,35.59,26.07,0.17,16.56,5.81
2026-08-27,Kumbakonam,30.14,35.7,25.16,0.0,16.73,5.77
2026-08-28,Kumbakonam,29.82,35.59,25.4,0.14,17.1,5.59
2026-08-29,Kumbakonam,29.59,34.89,25.43,1.57,16.49,5.65
2026-08-30,Kumbakonam,29.32,35.36,25.12,0.0,16.93,5.61
2026-08-31,Kumbakonam,29.16,35.94,25.34,0.49,16.66,5.62
2026-09-01,Kumbakonam,29.27,35.58,25.0,1.19,15.93,5.58
2026-09-02,Kumbakonam,29.38,34.68,25.1,0.75,16.66,5.35
2026-09-03,Kumbakonam,29.52,34.77,24.91,0.97,16.29,5.56
2026-09-04,Kumbakonam,28.75,34.65,24.76,0.0,15.91,5.34
2026-09-05,Kumbakonam,28.88,34.62,25.24,0.39,16.0,5.28
2026-09-06,Kumbakonam,29.41,34.8,25.26,2.13,16.12,5.08
2026-09-07,Kumbakonam,28.85,34.86,24.75,1.0,15.45,5.23
2026-09-08,Kumbakonam,28.63,34.67,25.1,0.62,15.96,5.28
2026-09-09,Kumbakonam,29.33,34.9,24.77,0.55,15.37,5.12
2026-09-10,Kumbakonam,28.4,34.52,24.8,1.4,15.68,5.12
2026-09-11,Kumbakonam,28.35,35.05,24.75,0.19,15.34,5.07
2026-09-12,Kumbakonam,28.39,34.25,24.5,1.33,15.95,5.16
2026-09-13,Kumbakonam,28.28,34.3,24.33,1.08,15.72,5.15
2026-09-14,Kumbakonam,28.66,35.09,24.41,1.87,14.97,5.21
2026-09-15,Kumbakonam,28.59,34.33,24.48,1.63,16.05,5.14
2026-09-16,Kumbakonam,28.73,33.87,24.45,2.42,16.35,4.91
2026-09-17,Kumbakonam,28.64,33.33,24.59,0.26,15.79,5.14
2026-09-18,Kumbakonam,28.11,33.8,24.41,0.32,16.01,5.05
2026-09-19,Kumbakonam,28.42,33.53,24.07,0.5,15.9,4.87
2026-09-20,Kumbakonam,28.31,32.95,24.56,0.42,15.9,4.88
2026-09-21,Kumbakonam,28.1,33.43,24.41,0.36,14.96,4.93
2026-09-22,Kumbakonam,28.15,33.09,23.99,1.03,15.44,4.74
2026-09-23,Kumbakonam,27.79,33.21,24.32,0.26,16.08,4.67
2026-09-24,Kumbakonam,27.72,32.85,23.63,0.2,15.74,4.98
2026-09-25,Kumbakonam,27.06,32.57,23.74,0.0,15.19,4.73
2026-09-26,Kumbakonam,27.69,32.59,24.1,2.29,15.29,4.88
2026-09-27,Kumbakonam,27.56,32.63,24.15,1.03,15.5,4.66
2026-09-28,Kumbakonam,27.77,32.34,24.03,0.56,15.12,4.64
2026-09-29,Kumbakonam,27.71,32.55,24.07,0.77,15.63,4.75
2026-09-30,Kumbakonam,27.34,32.97,24.03,0.67,15.6,4.54
2026-10-01,Kumbakonam,27.16,32.39,23.77,0.49,14.97,4.6
2026-10-02,Kumbakonam,26.78,31.9,23.66,0.88,15.35,4.35
2026-10-03,Kumbakonam,26.82,32.41,24.07,1.15,15.55,4.67
2026-10-04,Kumbakonam,26.8,31.65,23.78,0.99,15.93,4.35
2026-10-05,Kumbakonam,26.87,31.9,23.86,1.76,15.61,4.48
2026-10-06,Kumbakonam,27.15,32.74,23.88,0.78,15.89,4.42
2026-10-07,Kumbakonam,26.73,32.16,23.36,1.47,15.26,4.67
2026-10-08,Kumbakonam,26.52,31.75,23.72,1.01,15.43,4.46
2026-10-09,Kumbakonam,26.17,31.82,23.42,1.29,14.89,4.43
2026-10-10,Kumbakonam,26.74,31.13,24.18,1.65,15.92,4.63
2026-10-11,Kumbakonam,26.57,31.75,23.09,1.47,15.29,4.35
2026-10-12,Kumbakonam,26.61,31.48,23.93,1.88,15.27,4.52
2026-10-13,Kumbakonam,26.47,31.71,23.43,1.22,14.92,4.56
2026-10-14,Kumbakonam,26.72,30.84,23.84,2.02,15.05,4.54
2026-10-15,Kumbakonam,26.29,31.42,23.49,1.29,15.8,4.37
2026-10-16,Kumbakonam,26.9,31.05,23.61,1.61,15.14,4.19
2026-10-17,Kumbakonam,26.82,31.1,23.4,1.38,15.09,4.2
2026-10-18,Kumbakonam,26.62,31.67,23.31,1.1,15.06,4.39
2026-10-19,Kumbakonam,26.2,31.26,23.21,1.38,15.3,4.39
2026-10-20,Kumbakonam,26.52,30.83,23.11,1.07,15.31,4.16
2026-10-21,Kumbakonam,26.5,31.67,22.98,1.38,15.29,4.16
2026-10-22,Kumbakonam,26.28,31.55,23.31,2.17,14.72,4.1
2026-10-23,Kumbakonam,25.85,30.37,23.68,0.52,15.73,4.48
2026-10-24,Kumbakonam,26.08,30.77,23.14,0.86,14.94,3.91
2026-10-25,Kumbakonam,25.84,30.85,23.16,0.97,15.37,4.15
2026-10-26,Kumbakonam,26.14,30.19,23.03,0.92,14.69,3.82
2026-10-27,Kumbakonam,26.29,31.07,23.18,1.3,16.11,3.88
2026-10-28,Kumbakonam,26.16,30.66,23.21,1.05,14.97,3.94
2026-10-29,Kumbakonam,26.08,29.86,22.94,1.15,14.99,3.9
2026-10-30,Kumbakonam,25.97,30.28,23.14,1.53,14.98,3.83
2026-10-31,Kumbakonam,25.56,29.89,22.93,1.34,14.72,3.77
2026-11-01,Kumbakonam,25.6,30.29,22.82,1.4,14.29,3.75
2026-11-02,Kumbakonam,26.08,30.08,22.9,0.48,14.96,3.67
2026-11-03,Kumbakonam,25.29,29.52,22.98,1.72,15.04,3.62
2026-11-04,Kumbakonam,25.41,29.57,22.53,1.9,15.05,3.62
2026-11-05,Kumbakonam,25.83,29.6,23.47,1.49,14.81,3.74
2026-11-06,Kumbakonam,25.38,29.38,22.84,2.35,15.07,3.81
2026-11-07,Kumbakonam,25.54,29.45,23.09,1.29,15.11,3.64
2026-11-08,Kumbakonam,25.59,30.49,23.3,0.41,15.21,3.68
2026-11-09,Kumbakonam,25.27,29.91,22.32,1.82,15.02,3.58
2026-11-10,Kumbakonam,25.29,29.8,23.08,1.7,15.02,3.46
2026-11-11,Kumbakonam,25.45,29.57,22.54,1.61,15.22,3.53
2026-11-12,Kumbakonam,25.33,29.93,22.61,0.84,15.32,3.62
2026-11-13,Kumbakonam,25.17,29.3,22.47,1.59,15.46,3.38
2026-11-14,Kumbakonam,25.13,29.88,22.67,0.66,14.61,3.57
2026-11-15,Kumbakonam,24.99,30.05,22.29,1.86,14.64,3.6
2026-11-16,Kumbakonam,25.56,29.92,21.85,1.06,14.37,3.32
2026-11-17,Kumbakonam,25.03,30.34,21.96,1.13,14.48,3.6
2026-11-18,Kumbakonam,25.29,29.87,22.31,2.03,15.11,3.53
2026-11-19,Kumbakonam,25.18,29.27,22.66,1.57,14.86,3.56
2026-11-20,Kumbakonam,25.32,29.71,22.41,0.82,15.45,3.64
2026-11-21,Kumbakonam,25.37,29.62,22.63,0.96,15.48,3.58
2026-11-22,Kumbakonam,24.99,29.27,22.04,1.11,16.01,3.42
2026-11-23,Kumbakonam,24.96,29.13,22.26,0.97,15.63,3.5
2026-11-24,Kumbakonam,25.36,29.39,22.31,1.69,15.32,3.58
2026-11-25,Kumbakonam,25.25,29.65,22.06,0.87,15.44,3.44
2026-11-26,Kumbakonam,25.27,29.23,22.4,0.59,15.34,3.78
2026-11-27,Kumbakonam,25.34,29.84,22.24,0.76,15.79,3.57
2026-11-28,Kumbakonam,25.29,29.28,22.02,0.84,15.13,3.5
2026-11-29,Kumbakonam,24.47,29.05,21.46,0.86,15.01,3.73
2026-11-30,Kumbakonam,25.14,30.22,21.79,1.72,15.36,3.57
2026-07-26,Orathanadu,32.06,38.36,27.49,0.09,21.26,6.71
2026-07-27,Orathanadu,32.23,38.37,27.3,0.07,21.9,6.48
2026-07-28,Orathanadu,31.38,38.44,27.35,0.59,21.71,6.74
2026-07-29,Orathanadu,31.4,38.1,27.11,0.18,21.42,6.54
2026-07-30,Orathanadu,31.35,37.91,27.34,0.68,21.35,6.38
2026-07-31,Orathanadu,31.72,38.29,27.69,0.97,20.72,6.5
2026-08-01,Orathanadu,31.78,37.95,27.36,1.02,21.73,6.65
2026-08-02,Orathanadu,31.94,38.25,26.96,0.35,21.25,6.62
2026-08-03,Orathanadu,31.75,38.93,27.46,1.09,21.43,6.61
2026-08-04,Orathanadu,32.22,37.96,26.97,1.03,21.44,6.62
2026-08-05,Orathanadu,31.86,38.16,27.1,0.0,21.01,6.28
2026-08-06,Orathanadu,31.67,38.22,26.55,0.77,21.62,6.7
2026-08-07,Orathanadu,31.82,37.93,27.12,0.22,21.15,6.61
2026-08-08,Orathanadu,31.7,37.31,27.46,0.93,21.38,6.55
2026-08-09,Orathanadu,31.77,37.79,27.02,0.0,21.06,6.52
2026-08-10,Orathanadu,31.78,38.26,27.19,0.36,20.69,6.46
2026-08-11,Orathanadu,31.29,37.53,27.21,0.0,21.04,6.42
2026-08-12,Orathanadu,31.1,38.09,26.78,0.81,20.88,6.41
2026-08-13,Orathanadu,31.32,37.38,27.04,0.74,20.24,6.33
2026-08-14,Orathanadu,30.94,37.52,27.02,1.24,19.87,6.43
2026-08-15,Orathanadu,31.11,38.21,26.64,0.7,20.98,6.38
2026-08-16,Orathanadu,30.91,38.05,26.96,0.58,20.64,6.51
2026-08-17,Orathanadu,30.82,37.35,26.49,0.36,19.87,6.28
2026-08-18,Orathanadu,30.62,37.6,26.76,0.45,20.51,6.33
2026-08-19,Orathanadu,30.8,37.3,26.63,0.66,20.97,5.96
2026-08-20,Orathanadu,31.06,36.86,26.67,0.89,19.89,6.43
2026-08-21,Orathanadu,30.4,36.41,26.83,1.25,19.31,6.14
2026-08-22,Orathanadu,30.43,35.96,26.65,0.7,19.07,5.74
2026-08-23,Orathanadu,30.65,36.3,26.78,0.86,19.35,5.82
2026-08-24,Orathanadu,30.72,36.7,26.63,0.94,19.99,5.92
2026-08-25,Orathanadu,29.99,36.15,26.19,1.37,19.26,5.84
2026-08-26,Orathanadu,30.42,36.13,26.5,1.04,18.97,5.95
2026-08-27,Orathanadu,30.14,35.92,26.15,0.47,18.38,5.67
2026-08-28,Orathanadu,30.34,35.36,25.91,1.67,17.91,5.23
2026-08-29,Orathanadu,30.27,35.72,25.83,1.27,18.94,5.78
2026-08-30,Orathanadu,30.26,35.5,26.43,1.98,18.28,5.64
2026-08-31,Orathanadu,30.16,35.8,26.22,1.35,18.53,5.43
2026-09-01,Orathanadu,30.12,35.41,25.59,1.07,17.84,5.55
2026-09-02,Orathanadu,30.08,35.17,26.06,2.16,18.28,5.33
2026-09-03,Orathanadu,29.44,34.9,25.74,1.59,17.59,4.98
2026-09-04,Orathanadu,29.17,34.83,25.79,1.5,18.35,5.01
2026-09-05,Orathanadu,29.64,35.38,25.75,1.04,17.88,5.21
2026-09-06,Orathanadu,29.48,35.02,26.21,0.46,17.66,5.23
2026-09-07,Orathanadu,29.81,35.33,25.77,1.42,17.37,4.92
2026-09-08,Orathanadu,29.23,35.04,25.31,1.69,17.74,4.87
2026-09-09,Orathanadu,28.69,34.37,25.93,1.75,16.98,4.96
2026-09-10,Orathanadu,28.77,34.39,24.91,2.24,16.61,4.65
2026-09-11,Orathanadu,28.76,34.34,24.67,1.88,16.23,5.05
2026-09-12,Orathanadu,28.86,34.84,24.98,1.59,16.61,4.81
2026-09-13,Orathanadu,28.89,34.72,25.19,0.76,16.39,4.83
2026-09-14,Orathanadu,28.43,34.81,24.97,0.32,15.18,4.92
2026-09-15,Orathanadu,28.28,33.19,24.9,1.06,15.53,4.63
2026-09-16,Orathanadu,28.62,33.18,24.47,1.88,15.76,4.76
2026-09-17,Orathanadu,27.75,32.53,24.55,1.61,15.89,4.77
2026-09-18,Orathanadu,27.62,32.63,24.84,2.76,15.36,4.48
2026-09-19,Orathanadu,27.56,33.16,24.93,1.64,15.92,4.66
2026-09-20,Orathanadu,27.65,32.42,24.4,2.1,16.02,4.56
2026-09-21,Orathanadu,27.61,32.9,24.68,2.44,15.17,4.61
2026-09-22,Orathanadu,26.97,32.68,24.55,2.1,14.93,4.63
2026-09-23,Orathanadu,27.64,32.35,24.1,3.05,15.71,4.35
2026-09-24,Orathanadu,27.07,32.42,24.78,3.91,16.23,4.38
2026-09-25,Orathanadu,27.58,32.01,24.3,3.34,15.8,4.38
2026-09-26,Orathanadu,26.9,32.28,24.13,2.31,15.75,4.31
2026-09-27,Orathanadu,27.86,32.57,23.78,1.86,15.48,4.43
2026-09-28,Orathanadu,27.48,31.67,24.53,1.77,15.79,4.58
2026-09-29,Orathanadu,27.0,31.4,24.35,0.68,15.53,4.35
2026-09-30,Orathanadu,27.28,31.51,23.91,1.94,15.24,4.31
2026-10-01,Orathanadu,27.38,31.7,23.93,2.6,15.12,4.55
2026-10-02,Orathanadu,27.29,31.83,24.09,1.89,14.85,4.3
2026-10-03,Orathanadu,26.8,32.13,24.09,1.66,15.75,4.59
2026-10-04,Orathanadu,27.32,31.82,23.89,1.93,15.07,4.46
2026-10-05,Orathanadu,27.38,31.11,24.27,2.56,16.1,4.27
2026-10-06,Orathanadu,27.37,31.0,24.2,2.39,16.07,4.26
2026-10-07,Orathanadu,27.42,31.01,24.26,3.31,15.97,4.37
2026-10-08,Orathanadu,26.85,31.83,24.16,1.96,14.86,4.1
2026-10-09,Orathanadu,26.98,31.63,24.04,2.07,15.25,4.41
2026-10-10,Orathanadu,26.76,31.65,23.26,2.62,16.02,4.14
2026-10-11,Orathanadu,26.8,30.99,24.05,3.84,15.48,4.28
2026-10-12,Orathanadu,26.39,31.62,23.72,2.68,15.28,3.93
2026-10-13,Orathanadu,26.74,31.12,23.04,3.1,15.15,4.04
2026-10-14,Orathanadu,26.17,31.2,23.7,2.49,15.36,4.04
2026-10-15,Orathanadu,26.45,30.97,23.54,3.33,15.31,3.98
2026-10-16,Orathanadu,27.04,30.56,23.63,2.86,15.92,3.99
2026-10-17,Orathanadu,26.87,30.58,23.55,2.4,15.71,3.68
2026-10-18,Orathanadu,26.59,31.09,23.9,2.14,15.46,4.06
2026-10-19,Orathanadu,26.54,30.44,23.63,3.22,15.61,3.78
2026-10-20,Orathanadu,26.21,31.38,23.68,3.69,14.84,3.79
2026-10-21,Orathanadu,26.54,30.27,23.81,3.78,15.37,3.6
2026-10-22,Orathanadu,26.66,31.1,23.66,4.14,15.06,3.55
2026-10-23,Orathanadu,26.42,30.61,23.52,3.38,14.66,3.63
2026-10-24,Orathanadu,26.52,29.7,23.12,3.92,14.59,3.57
2026-10-25,Orathanadu,26.21,30.27,23.77,3.55,15.26,3.55
2026-10-26,Orathanadu,26.37,30.35,23.57,3.56,14.92,3.74
2026-10-27,Orathanadu,25.84,30.35,23.58,3.33,14.82,3.57
2026-10-28,Orathanadu,26.23,31.14,23.55,3.24,14.71,3.76
2026-10-29,Orathanadu,26.36,29.63,23.69,2.47,14.56,3.56
2026-10-30,Orathanadu,25.81,29.97,22.7,2.01,14.78,3.66
2026-10-31,Orathanadu,25.79,29.88,23.23,3.03,15.41,3.8
2026-11-01,Orathanadu,26.45,30.41,23.06,1.63,15.52,3.55
2026-11-02,Orathanadu,26.41,30.7,23.61,2.5,14.31,3.97
2026-11-03,Orathanadu,25.78,29.98,23.25,2.44,15.43,3.57
2026-11-04,Orathanadu,25.94,30.2,23.26,2.79,14.76,3.6
2026-11-05,Orathanadu,26.05,29.57,23.25,2.47,15.17,3.52
2026-11-06,Orathanadu,25.51,29.55,23.32,2.56,14.14,3.58
2026-11-07,Orathanadu,26.04,30.26,23.39,1.43,14.44,3.32
2026-11-08,Orathanadu,25.78,30.03,23.03,2.57,15.08,3.5
2026-11-09,Orathanadu,25.69,29.55,23.12,1.98,14.93,3.66
2026-11-10,Orathanadu,25.67,29.35,23.03,1.37,14.5,3.45
2026-11-11,Orathanadu,25.69,28.91,22.91,1.6,14.82,3.4
2026-11-12,Orathanadu,25.61,29.93,22.78,1.36,14.18,3.75
2026-11-13,Orathanadu,26.0,29.42,22.67,1.7,14.96,3.59
2026-11-14,Orathanadu,25.8,29.39,22.8,2.26,15.16,3.29
2026-11-15,Orathanadu,25.82,29.63,23.11,2.59,14.71,3.67
2026-11-16,Orathanadu,26.01,29.34,22.35,1.87,14.8,3.4
2026-11-17,Orathanadu,25.38,29.82,22.63,1.5,13.9,3.56
2026-11-18,Orathanadu,25.94,28.83,22.57,0.46,14.86,3.54
2026-11-19,Orathanadu,25.29,29.8,22.88,2.07,15.24,3.61
2026-11-20,Orathanadu,25.61,30.05,22.54,1.23,14.65,3.55
2026-11-21,Orathanadu,25.81,29.43,22.77,2.13,15.42,3.42
2026-11-22,Orathanadu,25.99,30.05,22.78,1.49,15.25,3.77
2026-11-23,Orathanadu,25.41,29.48,22.64,1.27,15.72,3.62
2026-11-24,Orathanadu,25.45,29.26,22.6,1.22,15.19,3.4
2026-11-25,Orathanadu,25.18,29.48,22.6,0.2,14.88,3.51
2026-11-26,Orathanadu,24.7,29.32,22.39,0.83,15.02,3.54
2026-11-27,Orathanadu,25.08,29.1,21.98,0.79,15.39,3.68
2026-11-28,Orathanadu,24.86,28.55,22.22,1.12,14.5,3.57
2026-11-29,Orathanadu,24.99,29.29,22.41,0.6,14.78,3.77
2026-11-30,Orathanadu,25.05,29.75,22.27,0.55,15.01,3.56
2026-07-26,Papanasam,31.16,37.4,26.55,0.8,20.6,6.04
2026-07-27,Papanasam,30.61,37.36,26.38,0.92,20.44,5.98
2026-07-28,Papanasam,30.19,37.65,26.53,1.12,20.51,6.01
2026-07-29,Papanasam,31.01,37.13,26.55,0.0,20.4,5.96
2026-07-30,Papanasam,30.73,37.58,26.84,0.93,19.65,5.89
2026-07-31,Papanasam,30.87,38.28,26.85,0.78,20.04,5.95
2026-08-01,Papanasam,30.95,37.46,26.01,0.85,20.68,5.84
2026-08-02,Papanasam,30.83,36.69,26.23,1.25,20.37,5.89
2026-08-03,Papanasam,30.75,36.83,26.67,1.13,20.3,5.94
2026-08-04,Papanasam,30.93,37.67,26.8,0.62,20.28,5.85
2026-08-05,Papanasam,30.51,37.26,26.46,0.5,20.02,5.95
2026-08-06,Papanasam,30.43,36.92,26.68,1.04,19.99,5.76
2026-08-07,Papanasam,30.55,37.25,26.84,0.73,20.08,6.06
2026-08-08,Papanasam,30.78,37.15,26.4,0.38,19.83,5.61
2026-08-09,Papanasam,30.99,37.49,26.48,0.95,19.78,5.75
2026-08-10,Papanasam,30.84,37.41,26.93,0.5,20.05,5.84
2026-08-11,Papanasam,30.5,37.17,26.7,0.97,20.34,5.63
2026-08-12,Papanasam,30.77,37.05,26.62,1.75,19.94,5.82
2026-08-13,Papanasam,30.74,36.59,26.41,0.75,20.17,5.71
2026-08-14,Papanasam,30.38,36.95,26.35,0.54,19.47,5.71
2026-08-15,Papanasam,30.36,36.88,26.47,0.19,19.66,5.7
2026-08-16,Papanasam,30.78,36.95,26.47,0.53,19.61,5.8
2026-08-17,Papanasam,31.11,37.27,26.62,0.61,19.63,5.87
2026-08-18,Papanasam,30.6,37.23,26.78,0.42,19.79,5.79
2026-08-19,Papanasam,30.75,37.34,26.45,0.53,19.86,5.9
2026-08-20,Papanasam,30.57,37.18,26.43,0.35,19.25,6.01
2026-08-21,Papanasam,30.62,36.7,26.27,0.0,19.49,5.8
2026-08-22,Papanasam,30.32,37.17,26.62,0.07,20.5,5.88
2026-08-23,Papanasam,30.9,36.59,26.34,0.18,19.87,5.56
2026-08-24,Papanasam,30.18,36.94,26.77,0.77,19.14,5.94
2026-08-25,Papanasam,30.32,36.78,26.24,0.25,18.57,5.79
2026-08-26,Papanasam,30.36,36.43,26.74,0.65,19.07,5.68
2026-08-27,Papanasam,30.24,36.34,26.39,1.41,18.86,5.8
2026-08-28,Papanasam,30.02,35.99,26.23,0.68,18.42,5.66
2026-08-29,Papanasam,30.45,36.24,26.11,0.0,17.91,5.62
2026-08-30,Papanasam,30.27,36.21,26.5,0.95,18.09,5.64
2026-08-31,Papanasam,30.35,36.41,26.09,0.32,18.59,5.54
2026-09-01,Papanasam,29.81,36.22,26.17,0.96,17.82,5.68
2026-09-02,Papanasam,29.7,36.68,25.63,1.72,18.04,5.37
2026-09-03,Papanasam,29.92,35.64,26.4,1.43,17.37,5.48
2026-09-04,Papanasam,30.31,36.09,26.37,1.41,18.08,5.56
2026-09-05,Papanasam,30.07,35.84,25.85,1.35,17.69,5.33
2026-09-06,Papanasam,29.91,35.68,26.03,1.21,17.61,5.38
2026-09-07,Papanasam,29.93,35.94,26.23,1.66,17.63,4.96
2026-09-08,Papanasam,29.33,35.39,26.21,2.48,17.27,4.98
2026-09-09,Papanasam,29.23,34.71,26.37,0.5,16.61,5.0
2026-09-10,Papanasam,28.65,34.89,24.54,1.48,17.15,4.87
2026-09-11,Papanasam,28.1,34.1,24.37,0.88,16.89,4.91
2026-09-12,Papanasam,28.59,34.37,24.72,1.73,16.6,4.8
2026-09-13,Papanasam,28.66,33.21,24.18,2.31,17.41,4.97
2026-09-14,Papanasam,27.85,33.23,24.28,1.66,16.85,4.85
2026-09-15,Papanasam,26.95,32.58,23.96,1.22,16.28,4.6
2026-09-16,Papanasam,27.06,32.43,23.89,0.84,17.14,4.61
2026-09-17,Papanasam,27.65,32.98,23.89,1.88,16.32,4.63
2026-09-18,Papanasam,27.16,32.85,23.87,1.76,16.01,4.28
2026-09-19,Papanasam,27.29,32.7,23.8,2.33,15.95,4.6
2026-09-20,Papanasam,27.45,32.59,24.14,2.18,16.13,4.46
2026-09-21,Papanasam,27.29,31.8,24.31,1.91,15.95,4.49
2026-09-22,Papanasam,27.03,32.09,24.23,2.03,15.63,4.36
2026-09-23,Papanasam,26.84,31.25,23.9,2.2,15.7,4.24
2026-09-24,Papanasam,26.4,31.92,23.64,1.41,15.42,4.16
2026-09-25,Papanasam,26.87,31.33,23.78,1.4,15.02,4.27
2026-09-26,Papanasam,26.81,31.86,23.67,1.94,15.7,4.25
2026-09-27,Papanasam,27.0,30.87,23.52,1.38,15.48,4.37
2026-09-28,Papanasam,26.73,31.15,24.19,1.86,15.3,4.32
2026-09-29,Papanasam,26.52,31.2,23.94,1.54,15.85,4.08
2026-09-30,Papanasam,26.75,31.4,23.55,1.26,15.28,4.13
2026-10-01,Papanasam,26.74,31.91,23.82,2.42,15.69,4.39
2026-10-02,Papanasam,27.39,31.7,23.9,1.64,15.85,4.29
2026-10-03,Papanasam,26.16,31.48,23.13,1.42,15.83,4.22
2026-10-04,Papanasam,26.79,31.93,23.6,1.8,15.57,4.44
2026-10-05,Papanasam,26.86,31.68,23.84,1.32,14.82,4.24
2026-10-06,Papanasam,26.6,31.05,23.2,1.43,14.96,4.41
2026-10-07,Papanasam,26.56,31.05,24.07,1.28,15.18,4.34
2026-10-08,Papanasam,26.59,30.99,24.0,1.52,15.87,4.26
2026-10-09,Papanasam,26.77,30.99,23.47,1.5,15.36,4.17
2026-10-10,Papanasam,26.6,30.91,23.7,1.69,15.22,4.13
2026-10-11,Papanasam,26.44,31.25,23.92,1.93,15.31,4.07
2026-10-12,Papanasam,26.71,31.47,23.5,2.06,15.74,4.17
2026-10-13,Papanasam,26.32,31.48,23.6,1.13,15.65,4.1
2026-10-14,Papanasam,26.38,30.53,23.86,2.02,15.29,4.13
2026-10-15,Papanasam,27.04,31.42,23.61,1.48,15.92,3.87
2026-10-16,Papanasam,26.59,30.53,23.53,1.77,15.34,3.86
2026-10-17,Papanasam,26.24,30.77,23.82,1.48,16.06,3.9
2026-10-18,Papanasam,26.23,30.99,23.05,2.31,15.39,3.71
2026-10-19,Papanasam,26.7,30.69,23.18,1.68,15.78,3.78
2026-10-20,Papanasam,26.57,30.32,23.81,1.57,16.16,3.69
2026-10-21,Papanasam,26.09,30.98,23.53,2.62,15.63,3.53
2026-10-22,Papanasam,26.86,30.72,23.49,2.44,15.39,3.52
2026-10-23,Papanasam,26.28,30.27,23.43,1.48,15.02,3.5
2026-10-24,Papanasam,26.16,30.09,23.85,1.78,15.29,3.6
2026-10-25,Papanasam,26.59,30.12,23.43,1.71,15.38,3.88
2026-10-26,Papanasam,26.16,30.67,23.03,1.57,15.29,3.52
2026-10-27,Papanasam,26.21,29.58,23.52,1.62,15.61,3.67
2026-10-28,Papanasam,26.03,30.33,23.66,2.16,14.6,3.89
2026-10-29,Papanasam,26.18,29.85,23.31,1.35,15.08,3.54
2026-10-30,Papanasam,25.92,29.93,23.21,2.39,14.88,3.63
2026-10-31,Papanasam,25.67,29.62,23.04,0.93,15.24,3.47
2026-11-01,Papanasam,25.99,29.8,22.75,1.85,15.06,3.56
2026-11-02,Papanasam,26.17,30.02,23.23,1.07,15.33,3.51
2026-11-03,Papanasam,25.79,29.92,23.01,2.01,14.71,3.26
2026-11-04,Papanasam,25.76,30.15,23.01,0.93,14.52,3.62
2026-11-05,Papanasam,26.06,30.05,23.59,1.83,15.01,3.75
2026-11-06,Papanasam,26.07,29.79,23.27,1.72,14.63,3.48
2026-11-07,Papanasam,25.73,29.84,23.31,2.04,14.86,3.56
2026-11-08,Papanasam,25.82,30.18,23.25,1.76,15.21,3.48
2026-11-09,Papanasam,26.37,29.73,22.99,1.63,14.82,3.42
2026-11-10,Papanasam,25.6,29.39,22.83,1.34,14.98,3.45
2026-11-11,Papanasam,25.78,29.96,22.62,1.47,14.05,3.34
2026-11-12,Papanasam,25.63,29.99,23.2,0.92,14.82,3.66
2026-11-13,Papanasam,25.93,29.98,22.73,2.25,14.41,3.58
2026-11-14,Papanasam,25.51,29.63,22.77,2.44,14.55,3.59
2026-11-15,Papanasam,25.76,29.6,22.51,2.13,14.33,3.53
2026-11-16,Papanasam,25.75,29.18,22.75,0.64,14.46,3.35
2026-11-17,Papanasam,25.63,29.49,22.65,1.35,14.48,3.68
2026-11-18,Papanasam,25.7,29.64,22.53,1.07,14.76,3.72
2026-11-19,Papanasam,25.34,29.88,23.09,0.99,14.92,3.62
2026-11-20,Papanasam,24.93,29.38,22.64,0.87,14.51,3.59
2026-11-21,Papanasam,25.6,29.45,22.64,1.38,14.55,3.65
2026-11-22,Papanasam,25.3,30.23,22.57,0.84,14.34,3.57
2026-11-23,Papanasam,25.03,29.75,22.06,1.11,15.14,3.68
2026-11-24,Papanasam,25.11,29.84,21.97,0.37,15.41,3.59
2026-11-25,Papanasam,25.09,29.49,22.03,0.13,14.83,3.73
2026-11-26,Papanasam,24.71,29.42,22.13,0.78,15.35,3.67
2026-11-27,Papanasam,25.44,29.54,21.78,0.06,15.76,3.71
2026-11-28,Papanasam,24.98,29.56,21.76,0.93,15.63,3.68
2026-11-29,Papanasam,25.0,29.8,22.19,0.0,15.28,3.71
2026-11-30,Papanasam,24.63,29.26,22.22,0.78,14.84,3.84
2026-07-26,Pattukottai,29.68,35.99,26.36,0.0,19.39,5.61
2026-07-27,Pattukottai,29.61,36.01,26.86,0.0,18.76,5.71
2026-07-28,Pattukottai,29.78,35.67,26.68,1.21,18.91,5.53
2026-07-29,Pattukottai,29.81,35.46,26.49,0.0,19.26,5.39
2026-07-30,Pattukottai,29.62,35.55,26.68,1.31,18.84,5.57
2026-07-31,Pattukottai,29.92,36.16,26.47,1.28,18.06,5.39
2026-08-01,Pattukottai,29.93,35.82,26.49,0.0,19.4,5.43
2026-08-02,Pattukottai,29.86,35.65,26.67,0.06,19.21,5.6
2026-08-03,Pattukottai,29.4,35.24,26.48,0.54,19.38,5.43
2026-08-04,Pattukottai,29.19,35.4,26.53,1.27,19.49,5.35
2026-08-05,Pattukottai,28.88,34.58,25.89,0.0,19.95,5.4
2026-08-06,Pattukottai,29.14,34.57,26.56,2.19,18.79,5.54
2026-08-07,Pattukottai,29.51,35.1,26.31,2.29,19.27,5.51
2026-08-08,Pattukottai,29.16,34.41,26.3,2.42,18.68,5.32
2026-08-09,Pattukottai,29.21,34.98,26.22,1.28,19.85,5.56
2026-08-10,Pattukottai,29.16,34.92,26.1,1.63,18.96,5.34
2026-08-11,Pattukottai,29.18,34.56,26.18,2.16,18.99,5.48
2026-08-12,Pattukottai,29.35,34.68,26.3,2.14,19.05,5.42
2026-08-13,Pattukottai,29.2,35.12,26.25,0.7,19.44,5.47
2026-08-14,Pattukottai,29.57,35.75,26.2,2.77,18.76,5.38
2026-08-15,Pattukottai,30.04,35.52,26.44,3.91,19.21,5.4
2026-08-16,Pattukottai,29.33,35.09,26.12,2.36,19.17,5.42
2026-08-17,Pattukottai,29.81,35.79,26.29,2.97,18.85,5.5
2026-08-18,Pattukottai,29.65,35.7,26.26,2.45,19.19,5.32
2026-08-19,Pattukottai,29.67,35.64,26.37,2.35,20.59,5.37
2026-08-20,Pattukottai,29.71,35.49,26.62,1.62,19.33,5.17
2026-08-21,Pattukottai,29.93,35.72,26.4,3.07,19.21,5.42
2026-08-22,Pattukottai,30.23,35.44,26.45,1.92,19.47,5.42
2026-08-23,Pattukottai,29.72,35.39,26.17,0.84,18.74,5.41
2026-08-24,Pattukottai,29.9,36.01,26.27,2.21,19.25,5.41
2026-08-25,Pattukottai,29.17,35.15,26.32,2.6,18.56,5.35
2026-08-26,Pattukottai,28.98,33.96,26.42,2.29,17.62,5.4
2026-08-27,Pattukottai,28.86,34.02,25.67,1.64,18.35,5.24
2026-08-28,Pattukottai,29.0,34.2,25.65,1.96,17.74,5.12
2026-08-29,Pattukottai,28.56,34.33,25.83,0.0,17.9,5.14
2026-08-30,Pattukottai,28.53,34.34,25.85,0.68,18.48,5.29
2026-08-31,Pattukottai,28.47,33.84,25.94,0.88,18.46,5.03
2026-09-01,Pattukottai,28.72,34.34,25.52,1.67,17.96,5.13
2026-09-02,Pattukottai,28.58,34.35,26.01,0.13,17.36,5.16
2026-09-03,Pattukottai,28.84,34.47,25.75,0.97,18.6,5.07
2026-09-04,Pattukottai,28.64,34.19,25.95,1.87,17.74,5.08
2026-09-05,Pattukottai,28.83,34.44,25.62,2.04,18.05,5.15
2026-09-06,Pattukottai,28.87,34.31,25.89,0.0,17.97,5.09
2026-09-07,Pattukottai,28.24,33.58,25.34,0.99,17.2,4.93
2026-09-08,Pattukottai,28.22,32.97,25.08,1.49,16.34,4.84
2026-09-09,Pattukottai,28.3,32.53,24.79,1.44,16.61,4.91
2026-09-10,Pattukottai,28.59,32.9,24.58,1.46,16.35,4.79
2026-09-11,Pattukottai,28.35,32.83,24.8,2.01,16.64,4.61
2026-09-12,Pattukottai,28.5,32.47,24.76,2.37,17.25,4.79
2026-09-13,Pattukottai,28.01,32.95,24.41,0.8,16.66,4.89
2026-09-14,Pattukottai,28.33,33.1,24.72,0.81,16.9,4.67
2026-09-15,Pattukottai,27.9,32.62,24.8,1.46,15.84,4.81
2026-09-16,Pattukottai,27.73,32.29,24.51,1.31,17.44,4.62
2026-09-17,Pattukottai,27.95,31.92,24.34,1.9,16.4,4.62
2026-09-18,Pattukottai,27.83,32.53,23.99,1.86,16.11,4.41
2026-09-19,Pattukottai,27.51,32.25,24.06,1.53,16.14,4.38
2026-09-20,Pattukottai,28.06,32.73,24.59,1.58,16.36,4.28
2026-09-21,Pattukottai,28.04,32.46,24.5,1.71,16.04,4.14
2026-09-22,Pattukottai,27.8,32.23,24.02,1.71,16.69,4.58
2026-09-23,Pattukottai,27.59,31.94,24.15,2.04,15.18,4.4
2026-09-24,Pattukottai,27.67,31.85,24.18,1.92,15.66,4.47
2026-09-25,Pattukottai,27.37,31.65,24.19,1.44,17.35,4.25
2026-09-26,Pattukottai,27.3,32.28,24.09,0.8,16.55,4.17
2026-09-27,Pattukottai,27.22,31.55,24.04,2.33,16.58,4.25
2026-09-28,Pattukottai,27.31,31.51,24.34,2.07,16.34,4.46
2026-09-29,Pattukottai,26.79,30.94,23.78,2.11,16.01,4.34
2026-09-30,Pattukottai,26.9,30.96,23.7,0.88,15.33,4.37
2026-10-01,Pattukottai,26.76,31.66,23.63,0.91,15.49,4.22
2026-10-02,Pattukottai,26.7,31.7,23.3,1.0,15.77,4.23
2026-10-03,Pattukottai,26.47,31.72,23.4,1.42,16.03,4.3
2026-10-04,Pattukottai,26.16,31.3,23.46,1.24,16.06,4.34
2026-10-05,Pattukottai,26.65,31.1,23.44,2.14,16.36,4.03
2026-10-06,Pattukottai,26.72,30.25,23.77,0.76,15.56,4.0
2026-10-07,Pattukottai,26.18,30.49,23.29,2.15,15.95,3.65
2026-10-08,Pattukottai,26.21,30.9,23.46,2.81,14.76,3.52
2026-10-09,Pattukottai,26.12,30.38,23.47,2.17,15.02,3.82
2026-10-10,Pattukottai,26.36,31.02,23.58,2.62,14.76,3.65
2026-10-11,Pattukottai,26.55,30.84,23.28,1.83,14.87,3.69
2026-10-12,Pattukottai,26.24,30.72,23.41,2.39,15.25,3.74
2026-10-13,Pattukottai,26.1,30.08,23.44,1.58,15.97,3.7
2026-10-14,Pattukottai,26.18,30.15,23.62,0.87,15.35,3.69
2026-10-15,Pattukottai,25.9,30.23,23.21,2.12,15.58,3.64
2026-10-16,Pattukottai,25.73,29.72,22.88,2.34,15.74,3.58
2026-10-17,Pattukottai,25.94,29.58,23.08,1.16,16.15,3.6
2026-10-18,Pattukottai,26.15,29.8,23.3,2.63,14.83,3.47
2026-10-19,Pattukottai,25.84,29.37,22.78,2.89,15.42,3.66
2026-10-20,Pattukottai,25.97,29.93,23.07,1.45,16.18,3.5
2026-10-21,Pattukottai,25.54,29.93,23.2,2.9,14.83,3.59
2026-10-22,Pattukottai,25.62,29.59,23.42,3.43,15.39,3.31
2026-10-23,Pattukottai,25.72,29.54,23.08,2.71,15.47,3.29
2026-10-24,Pattukottai,25.47,29.91,23.22,2.33,16.01,3.49
2026-10-25,Pattukottai,25.74,29.95,23.01,2.06,14.88,3.51
2026-10-26,Pattukottai,25.23,30.18,23.2,1.32,14.22,3.58
2026-10-27,Pattukottai,25.71,29.89,22.98,3.22,14.63,3.78
2026-10-28,Pattukottai,25.69,29.65,23.47,1.46,14.13,3.47
2026-10-29,Pattukottai,25.49,30.04,23.24,2.45,14.74,3.44
2026-10-30,Pattukottai,25.56,29.72,22.45,1.63,15.09,3.68
2026-10-31,Pattukottai,25.65,29.83,23.13,1.92,15.81,3.59
2026-11-01,Pattukottai,25.73,29.94,22.89,0.11,14.92,3.56
2026-11-02,Pattukottai,25.69,29.58,23.01,1.59,13.83,3.74
2026-11-03,Pattukottai,25.31,29.99,22.77,0.66,14.14,3.65
2026-11-04,Pattukottai,25.7,29.67,23.04,2.22,14.28,3.67
2026-11-05,Pattukottai,25.44,30.17,22.98,0.0,14.66,3.58
2026-11-06,Pattukottai,25.42,29.63,22.75,1.06,15.62,3.67
2026-11-07,Pattukottai,25.65,29.38,22.88,0.33,16.23,3.88
2026-11-08,Pattukottai,25.45,29.51,22.78,0.45,16.11,3.66
2026-11-09,Pattukottai,25.23,29.63,22.63,0.76,15.95,3.68
2026-11-10,Pattukottai,25.72,30.03,22.48,1.14,14.78,3.74
2026-11-11,Pattukottai,25.38,29.64,22.7,1.86,15.4,3.67
2026-11-12,Pattukottai,25.33,29.81,22.51,2.13,15.46,3.78
2026-11-13,Pattukottai,25.18,29.91,22.65,0.55,15.08,3.62
2026-11-14,Pattukottai,25.23,29.7,22.45,0.45,15.31,3.47
2026-11-15,Pattukottai,25.09,29.27,22.65,0.95,14.83,3.66
2026-11-16,Pattukottai,25.4,29.61,22.81,1.28,14.36,3.81
2026-11-17,Pattukottai,25.18,29.26,22.51,1.07,15.53,3.56
2026-11-18,Pattukottai,25.17,29.56,22.84,0.84,14.43,3.54
2026-11-19,Pattukottai,25.46,29.3,22.67,0.37,14.46,3.47
2026-11-20,Pattukottai,25.59,29.91,22.81,1.63,14.45,3.67
2026-11-21,Pattukottai,24.57,29.93,22.7,1.34,15.17,3.66
2026-11-22,Pattukottai,25.48,29.88,22.83,0.0,14.02,3.59
2026-11-23,Pattukottai,25.38,29.33,22.61,0.83,15.22,3.5
2026-11-24,Pattukottai,25.43,28.92,22.8,1.62,14.48,3.64
2026-11-25,Pattukottai,25.03,29.38,22.54,1.35,15.23,3.62
2026-11-26,Pattukottai,25.37,29.64,22.45,2.3,14.39,3.72
2026-11-27,Pattukottai,25.04,29.73,22.31,2.4,14.87,3.57
2026-11-28,Pattukottai,24.88,29.24,22.44,0.53,15.4,3.55
2026-11-29,Pattukottai,24.91,29.31,22.21,1.54,15.44,3.45
2026-11-30,Pattukottai,24.86,29.4,22.01,2.03,14.14,3.61
2026-07-26,Thanjavur,30.85,37.28,26.86,0.78,20.95,6.49
2026-07-27,Thanjavur,30.97,37.38,26.84,0.28,20.06,6.3
2026-07-28,Thanjavur,30.98,37.33,26.71,0.79,21.26,6.32
2026-07-29,Thanjavur,31.14,37.87,26.77,0.0,20.58,6.22
2026-07-30,Thanjavur,31.38,37.29,26.87,0.46,21.88,6.1
2026-07-31,Thanjavur,31.25,37.87,26.76,0.0,20.9,6.46
2026-08-01,Thanjavur,30.92,37.48,27.33,0.0,21.57,6.29
2026-08-02,Thanjavur,31.33,37.18,26.85,0.89,20.26,6.16
2026-08-03,Thanjavur,31.15,37.54,26.24,0.52,21.05,6.02
2026-08-04,Thanjavur,30.79,37.77,26.72,0.84,21.06,6.32
2026-08-05,Thanjavur,31.32,37.11,26.26,0.03,20.82,6.13
2026-08-06,Thanjavur,30.88,37.57,26.7,1.1,20.66,6.28
2026-08-07,Thanjavur,30.37,36.76,26.51,0.0,20.56,6.16
2026-08-08,Thanjavur,30.71,37.04,26.65,0.19,20.84,6.24
2026-08-09,Thanjavur,30.64,36.79,26.7,0.49,20.31,6.1
2026-08-10,Thanjavur,30.51,36.79,27.15,0.0,20.13,6.02
2026-08-11,Thanjavur,30.22,36.21,26.44,0.65,20.9,6.15
2026-08-12,Thanjavur,30.28,35.44,26.52,0.44,20.11,5.67
2026-08-13,Thanjavur,30.39,36.59,26.69,1.7,20.2,5.66
2026-08-14,Thanjavur,29.8,36.32,26.58,1.2,20.07,5.72
2026-08-15,Thanjavur,29.67,35.75,26.51,0.83,20.01,5.71
2026-08-16,Thanjavur,30.3,35.19,26.67,1.33,19.74,5.34
2026-08-17,Thanjavur,29.48,35.08,25.41,1.32,19.63,5.57
2026-08-18,Thanjavur,29.68,35.05,25.64,1.5,20.27,5.51
2026-08-19,Thanjavur,29.89,35.41,25.43,0.4,19.73,5.63
2026-08-20,Thanjavur,29.48,35.41,25.72,1.76,19.32,5.26
2026-08-21,Thanjavur,29.47,34.78,25.87,0.68,18.99,5.44
2026-08-22,Thanjavur,29.22,34.58,25.73,1.44,19.06,5.4
2026-08-23,Thanjavur,29.29,34.64,25.77,1.58,18.89,5.27
2026-08-24,Thanjavur,29.26,34.68,25.9,1.87,19.37,5.26
2026-08-25,Thanjavur,29.53,34.71,25.57,0.58,19.49,5.21
2026-08-26,Thanjavur,29.48,34.71,25.25,1.39,19.26,5.23
2026-08-27,Thanjavur,29.39,34.14,25.03,2.22,18.82,5.15
2026-08-28,Thanjavur,29.51,34.2,25.14,1.61,18.71,5.38
2026-08-29,Thanjavur,28.86,34.48,25.44,1.54,18.61,5.3
2026-08-30,Thanjavur,29.35,34.46,25.08,1.5,19.27,5.18
2026-08-31,Thanjavur,29.06,34.91,25.04,2.52,18.53,5.26
2026-09-01,Thanjavur,29.38,34.6,25.48,2.09,18.05,5.17
2026-09-02,Thanjavur,29.18,35.09,25.41,1.72,18.46,5.2
2026-09-03,Thanjavur,29.52,34.33,24.86,0.91,17.48,5.04
2026-09-04,Thanjavur,28.39,34.5,25.29,2.41,17.83,4.96
2026-09-05,Thanjavur,29.08,34.14,25.41,2.02,17.04,5.3
2026-09-06,Thanjavur,28.22,34.22,24.83,0.71,17.91,5.33
2026-09-07,Thanjavur,28.84,33.66,24.81,2.62,16.66,4.89
2026-09-08,Thanjavur,28.59,34.25,24.87,2.25,16.88,4.88
2026-09-09,Thanjavur,28.56,33.74,24.86,1.29,17.01,4.94
2026-09-10,Thanjavur,28.47,33.61,25.51,2.38,16.81,4.64
2026-09-11,Thanjavur,28.82,33.48,25.53,1.14,16.39,4.88
2026-09-12,Thanjavur,28.68,34.63,25.17,2.33,16.74,4.92
2026-09-13,Thanjavur,28.8,33.78,24.93,1.57,16.82,4.94
2026-09-14,Thanjavur,28.58,33.94,25.04,2.57,16.08,5.03
2026-09-15,Thanjavur,28.36,33.28,24.7,2.06,16.68,4.84
2026-09-16,Thanjavur,28.44,33.42,25.1,2.21,16.22,4.85
2026-09-17,Thanjavur,28.36,33.4,24.88,3.47,16.87,4.82
2026-09-18,Thanjavur,28.4,33.48,24.63,2.29,16.2,4.51
2026-09-19,Thanjavur,28.15,33.29,24.54,2.52,15.97,4.7
2026-09-20,Thanjavur,28.48,33.02,24.87,3.08,15.43,4.69
2026-09-21,Thanjavur,28.48,33.13,24.42,3.23,15.49,4.52
2026-09-22,Thanjavur,28.4,32.95,24.74,3.22,16.34,4.7
2026-09-23,Thanjavur,28.72,33.31,24.54,2.11,15.76,4.49
2026-09-24,Thanjavur,28.12,32.65,24.56,3.66,15.36,4.65
2026-09-25,Thanjavur,28.37,32.85,24.71,2.83,16.16,4.71
2026-09-26,Thanjavur,28.21,32.84,24.62,3.71,15.83,4.69
2026-09-27,Thanjavur,27.91,32.23,24.8,2.57,16.08,4.75
2026-09-28,Thanjavur,27.76,32.4,24.32,2.87,15.76,4.4
2026-09-29,Thanjavur,27.33,32.09,24.28,4.01,14.91,4.25
2026-09-30,Thanjavur,27.2,32.75,24.41,4.1,14.78,4.42
2026-10-01,Thanjavur,27.44,32.25,24.38,4.35,15.11,4.31
2026-10-02,Thanjavur,27.41,32.12,24.19,3.53,15.3,4.48
2026-10-03,Thanjavur,27.51,32.13,24.3,2.5,15.54,4.46
2026-10-04,Thanjavur,27.63,32.4,24.44,3.85,15.37,4.34
2026-10-05,Thanjavur,27.4,32.0,24.29,1.96,14.95,4.38
2026-10-06,Thanjavur,27.66,31.71,24.43,2.77,15.57,4.29
2026-10-07,Thanjavur,27.18,31.7,23.83,3.89,15.09,4.34
2026-10-08,Thanjavur,27.29,31.8,23.61,2.73,15.3,4.08
2026-10-09,Thanjavur,27.24,31.71,24.59,3.32,15.51,4.12
2026-10-10,Thanjavur,26.75,31.81,23.79,3.9,15.09,4.05
2026-10-11,Thanjavur,27.22,31.56,23.74,3.33,15.71,3.92
2026-10-12,Thanjavur,26.64,31.08,23.85,3.8,15.39,4.13
2026-10-13,Thanjavur,27.46,31.14,23.81,3.76,15.89,3.96
2026-10-14,Thanjavur,27.56,30.99,24.1,2.68,14.94,3.84
2026-10-15,Thanjavur,27.25,31.46,24.29,2.46,14.87,3.78
2026-10-16,Thanjavur,27.23,31.16,23.94,3.71,15.29,3.84
2026-10-17,Thanjavur,26.83,31.31,23.78,3.44,15.28,3.86
2026-10-18,Thanjavur,26.67,31.03,23.8,2.63,15.48,4.01
2026-10-19,Thanjavur,27.36,30.75,23.8,3.32,14.43,3.87
2026-10-20,Thanjavur,26.61,30.74,23.92,3.64,15.68,3.77
2026-10-21,Thanjavur,26.57,31.12,23.68,3.86,15.33,3.66
2026-10-22,Thanjavur,27.03,30.74,24.0,3.17,15.46,3.65
2026-10-23,Thanjavur,26.2,31.08,23.68,4.18,15.15,3.55
2026-10-24,Thanjavur,26.49,30.57,23.66,3.84,14.95,3.76
2026-10-25,Thanjavur,26.69,30.62,23.82,3.7,14.66,3.62
2026-10-26,Thanjavur,26.37,30.93,23.72,2.86,15.19,3.67
2026-10-27,Thanjavur,26.95,30.6,23.59,3.01,15.05,3.66
2026-10-28,Thanjavur,26.23,30.75,23.5,4.19,14.7,3.48
2026-10-29,Thanjavur,26.2,30.7,23.83,2.48,15.01,3.44
2026-10-30,Thanjavur,25.94,29.83,23.49,3.33,15.55,3.52
2026-10-31,Thanjavur,26.39,30.58,23.32,2.98,14.9,3.75
2026-11-01,Thanjavur,26.33,29.58,23.49,3.25,15.14,3.76
2026-11-02,Thanjavur,26.19,30.61,23.34,3.89,14.94,3.55
2026-11-03,Thanjavur,26.06,30.05,23.27,3.07,14.88,3.77
2026-11-04,Thanjavur,26.05,29.93,23.26,3.12,15.04,3.73
2026-11-05,Thanjavur,26.17,29.77,23.37,2.64,14.98,3.59
2026-11-06,Thanjavur,25.84,30.2,23.36,3.07,15.7,3.53
2026-11-07,Thanjavur,25.6,30.61,23.32,2.83,14.57,3.76
2026-11-08,Thanjavur,25.93,29.84,23.34,2.99,15.2,3.42
2026-11-09,Thanjavur,25.57,30.15,23.4,1.65,15.27,3.56
2026-11-10,Thanjavur,25.92,29.54,23.64,1.88,15.35,3.69
2026-11-11,Thanjavur,25.37,29.47,22.95,1.87,14.84,3.47
2026-11-12,Thanjavur,25.36,28.63,23.15,2.53,15.17,3.48
2026-11-13,Thanjavur,25.21,29.23,22.93,2.57,14.61,3.28
2026-11-14,Thanjavur,25.17,28.96,23.03,1.98,15.66,3.54
2026-11-15,Thanjavur,25.64,29.14,22.83,2.72,14.93,3.52
2026-11-16,Thanjavur,25.09,29.12,22.59,1.71,15.02,3.18
2026-11-17,Thanjavur,25.25,29.65,22.76,2.22,15.06,3.6
2026-11-18,Thanjavur,24.79,29.83,22.93,2.31,15.11,3.68
2026-11-19,Thanjavur,25.47,29.06,22.81,2.06,14.95,3.46
2026-11-20,Thanjavur,25.23,29.25,22.94,1.72,15.35,3.6
2026-11-21,Thanjavur,25.22,28.95,22.87,2.17,15.12,3.47
2026-11-22,Thanjavur,24.83,28.89,22.68,2.82,15.5,3.6
2026-11-23,Thanjavur,25.4,29.66,23.04,1.6,14.84,3.39
2026-11-24,Thanjavur,25.14,29.65,22.85,2.43,15.11,3.6
2026-11-25,Thanjavur,25.73,29.35,22.6,1.81,14.77,3.7
2026-11-26,Thanjavur,25.11,30.03,22.23,1.98,14.97,3.41
2026-11-27,Thanjavur,25.02,28.66,22.65,1.76,14.83,3.41
2026-11-28,Thanjavur,24.7,29.0,22.54,1.24,15.62,3.4
2026-11-29,Thanjavur,25.01,28.64,22.14,1.65,15.28,3.44
2026-11-30,Thanjavur,25.23,28.99,22.42,1.19,15.04,3.27
2026-07-26,Vallam,30.93,36.77,26.68,1.89,20.57,6.02
2026-07-27,Vallam,30.86,36.98,26.7,0.7,20.78,6.24
2026-07-28,Vallam,30.74,37.15,26.56,0.78,20.3,6.57
2026-07-29,Vallam,30.76,36.81,26.41,0.17,20.11,6.32
2026-07-30,Vallam,30.44,37.03,26.58,0.43,20.27,6.28
2026-07-31,Vallam,30.95,37.56,26.34,0.0,20.29,6.31
2026-08-01,Vallam,30.78,37.56,26.28,0.22,20.3,6.44
2026-08-02,Vallam,30.35,37.72,26.3,1.48,20.05,6.4
2026-08-03,Vallam,30.68,37.22,26.55,0.02,20.48,6.48
2026-08-04,Vallam,30.85,36.83,26.74,1.45,20.59,6.25
2026-08-05,Vallam,30.67,37.41,26.68,1.02,19.71,6.48
2026-08-06,Vallam,30.47,36.93,26.6,0.52,19.86,6.23
2026-08-07,Vallam,30.68,37.36,26.42,1.11,20.45,6.01
2026-08-08,Vallam,30.81,37.24,26.41,1.88,19.95,6.27
2026-08-09,Vallam,30.0,37.15,26.74,0.0,19.43,6.12
2026-08-10,Vallam,30.53,37.64,26.29,0.0,20.73,6.18
2026-08-11,Vallam,30.82,37.23,26.34,0.0,20.18,6.01
2026-08-12,Vallam,30.61,36.62,26.35,0.84,20.06,6.16
2026-08-13,Vallam,30.67,36.34,26.24,0.92,20.31,6.03
2026-08-14,Vallam,30.93,36.16,26.38,1.89,18.83,5.61
2026-08-15,Vallam,30.27,36.28,26.31,0.19,19.01,5.84
2026-08-16,Vallam,30.55,36.73,26.01,0.6,19.53,5.47
2026-08-17,Vallam,30.48,35.98,26.33,1.58,19.11,5.54
2026-08-18,Vallam,29.94,36.09,26.45,1.52,18.94,5.46
2026-08-19,Vallam,30.78,36.48,26.38,0.0,18.61,5.54
2026-08-20,Vallam,30.44,36.44,26.27,0.24,19.58,5.56
2026-08-21,Vallam,30.87,36.0,26.35,0.25,18.53,5.45
2026-08-22,Vallam,30.64,36.05,26.31,0.63,18.71,5.68
2026-08-23,Vallam,30.36,35.92,25.94,0.0,19.56,5.6
2026-08-24,Vallam,30.0,36.67,26.23,0.0,18.51,5.53
2026-08-25,Vallam,30.27,36.31,25.77,1.55,18.9,5.56
2026-08-26,Vallam,30.17,35.75,25.66,0.63,18.46,5.45
2026-08-27,Vallam,30.28,35.79,25.47,1.01,18.23,5.58
2026-08-28,Vallam,29.56,35.64,25.59,0.0,19.08,5.52
2026-08-29,Vallam,29.83,35.26,25.43,1.14,18.78,5.46
2026-08-30,Vallam,29.69,35.61,25.48,1.4,18.45,5.45
2026-08-31,Vallam,29.32,35.79,25.65,1.11,18.35,5.31
2026-09-01,Vallam,29.39,35.71,25.45,0.12,17.79,5.28
2026-09-02,Vallam,29.22,35.45,25.17,1.51,17.17,5.44
2026-09-03,Vallam,29.04,35.11,24.9,0.79,17.49,5.03
2026-09-04,Vallam,28.45,34.59,25.03,1.87,16.83,5.32
2026-09-05,Vallam,28.85,34.45,25.01,1.47,17.4,5.15
2026-09-06,Vallam,29.07,34.71,25.38,1.32,17.2,4.86
2026-09-07,Vallam,28.79,33.77,24.73,1.58,16.5,4.77
2026-09-08,Vallam,28.95,33.62,24.9,1.56,16.35,5.06
2026-09-09,Vallam,28.67,34.37,25.17,1.05,16.52,5.04
2026-09-10,Vallam,28.44,33.75,24.94,0.89,15.78,4.8
2026-09-11,Vallam,28.6,33.77,25.06,0.78,15.83,5.09
2026-09-12,Vallam,28.86,33.86,25.28,1.61,16.18,4.96
2026-09-13,Vallam,28.8,33.65,24.8,1.56,16.59,4.73
2026-09-14,Vallam,29.02,33.63,25.16,1.56,15.95,4.73
2026-09-15,Vallam,28.22,34.33,24.82,1.73,15.53,5.25
2026-09-16,Vallam,28.86,33.47,25.01,1.78,15.77,5.18
2026-09-17,Vallam,28.5,33.27,24.86,1.25,15.6,4.88
2026-09-18,Vallam,28.61,33.63,24.53,1.86,15.72,4.88
2026-09-19,Vallam,28.16,33.24,24.5,1.42,15.72,5.03
2026-09-20,Vallam,28.55,33.51,25.37,1.75,15.95,5.2
2026-09-21,Vallam,28.24,33.61,25.01,2.06,16.11,4.84
2026-09-22,Vallam,28.33,33.97,24.79,1.01,15.36,4.91
2026-09-23,Vallam,28.25,33.89,24.22,1.37,15.49,4.79
2026-09-24,Vallam,28.09,33.33,24.8,1.49,15.72,4.82
2026-09-25,Vallam,28.22,33.78,24.22,0.35,15.99,4.74
2026-09-26,Vallam,28.24,32.9,24.25,1.62,15.6,4.7
2026-09-27,Vallam,28.42,33.69,24.18,1.59,15.4,4.77
2026-09-28,Vallam,27.85,33.25,24.34,0.58,16.1,4.62
2026-09-29,Vallam,28.19,33.65,24.62,1.1,16.24,4.69
2026-09-30,Vallam,28.69,32.99,24.62,0.28,16.05,4.84
2026-10-01,Vallam,28.42,32.99,24.39,1.47,15.76,4.77
2026-10-02,Vallam,28.05,33.1,23.96,0.92,15.16,4.63
2026-10-03,Vallam,27.86,33.64,23.93,1.39,15.68,4.69
2026-10-04,Vallam,28.34,32.81,24.57,0.84,15.98,4.54
2026-10-05,Vallam,28.46,33.14,24.33,0.6,15.62,4.44
2026-10-06,Vallam,28.36,33.24,24.15,0.45,15.56,4.64
2026-10-07,Vallam,28.1,32.79,23.81,0.0,15.93,4.58
2026-10-08,Vallam,27.43,32.53,24.0,0.0,16.56,4.62
2026-10-09,Vallam,28.01,33.71,24.18,0.53,15.45,4.37
2026-10-10,Vallam,28.09,32.83,23.86,1.46,15.4,4.48
2026-10-11,Vallam,27.89,32.86,23.96,0.54,15.54,4.48
2026-10-12,Vallam,27.74,32.57,23.8,2.71,14.87,4.57
2026-10-13,Vallam,27.41,32.24,24.07,1.67,15.28,4.4
2026-10-14,Vallam,27.94,32.78,23.95,2.21,15.51,4.56
2026-10-15,Vallam,27.38,33.0,23.54,2.12,15.51,4.76
2026-10-16,Vallam,26.82,32.04,24.09,2.46,15.64,4.57
2026-10-17,Vallam,27.18,32.1,23.89,2.2,15.27,4.31
2026-10-18,Vallam,27.09,31.72,23.99,1.72,15.61,4.31
2026-10-19,Vallam,27.06,32.36,24.43,1.3,15.11,4.17
2026-10-20,Vallam,26.89,32.3,24.02,1.98,15.59,4.44
2026-10-21,Vallam,26.46,32.18,24.07,2.28,16.06,4.18
2026-10-22,Vallam,26.88,32.91,23.72,2.22,15.33,4.16
2026-10-23,Vallam,26.39,32.0,24.1,2.13,14.86,3.9
2026-10-24,Vallam,26.77,31.41,23.77,1.64,15.3,4.02
2026-10-25,Vallam,26.81,31.52,23.56,2.01,15.06,3.91
2026-10-26,Vallam,26.6,31.81,23.67,1.11,15.07,3.81
2026-10-27,Vallam,27.0,31.17,23.65,2.08,15.11,4.09
2026-10-28,Vallam,26.59,30.62,23.71,2.03,15.5,3.92
2026-10-29,Vallam,26.52,30.84,23.37,1.33,15.35,3.93
2026-10-30,Vallam,26.86,31.47,23.53,1.57,15.1,3.74
2026-10-31,Vallam,26.57,31.75,23.7,2.14,15.01,3.92
2026-11-01,Vallam,26.68,31.27,23.33,1.92,15.19,3.89
2026-11-02,Vallam,26.34,30.59,23.77,1.89,14.97,3.74
2026-11-03,Vallam,26.42,31.1,23.34,1.22,15.2,3.74
2026-11-04,Vallam,26.5,30.22,23.46,0.52,15.38,3.79
2026-11-05,Vallam,26.22,30.87,23.49,1.61,15.57,3.64
2026-11-06,Vallam,26.25,30.55,23.39,1.95,15.53,3.57
2026-11-07,Vallam,26.14,30.46,23.54,1.56,15.0,3.52
2026-11-08,Vallam,26.19,30.63,23.6,1.02,15.12,3.36
2026-11-09,Vallam,25.29,30.15,23.39,1.66,15.72,3.55
2026-11-10,Vallam,25.85,30.9,23.22,2.38,15.52,3.51
2026-11-11,Vallam,25.7,30.72,23.13,1.34,15.32,3.4
2026-11-12,Vallam,26.03,29.85,23.19,1.36,15.1,3.67
2026-11-13,Vallam,26.09,30.28,23.47,1.98,15.45,3.81
2026-11-14,Vallam,26.09,29.87,23.29,1.15,14.33,3.55
2026-11-15,Vallam,25.76,29.94,23.15,1.16,15.36,3.63
2026-11-16,Vallam,25.44,30.17,23.06,0.62,15.06,3.85
2026-11-17,Vallam,26.02,29.75,22.97,0.97,15.12,3.73
2026-11-18,Vallam,25.82,29.75,23.15,1.67,14.48,3.61
2026-11-19,Vallam,25.79,29.9,23.23,1.73,16.03,3.25
2026-11-20,Vallam,25.43,29.93,22.64,0.94,15.13,3.79
2026-11-21,Vallam,25.46,29.82,22.97,1.37,14.81,3.69
2026-11-22,Vallam,25.73,29.89,23.09,1.77,15.31,3.71
2026-11-23,Vallam,24.98,29.83,22.98,0.68,15.54,3.59
2026-11-24,Vallam,25.87,29.49,23.04,1.88,15.39,3.56
2026-11-25,Vallam,25.08,29.2,22.82,0.48,15.48,3.6
2026-11-26,Vallam,24.83,29.12,23.2,0.08,16.04,3.6
2026-11-27,Vallam,25.22,29.19,22.81,0.29,14.88,3.49
2026-11-28,Vallam,24.99,29.21,22.77,0.89,15.72,3.55
2026-11-29,Vallam,25.11,29.25,22.5,0.42,15.1,3.65
2026-11-30,Vallam,25.23,29.11,22.58,0.56,15.1,3.64
