date,market,variety,grade,forecast_day,predicted_price_rs_per_quintal,lower_bound_rs_per_quintal,upper_bound_rs_per_quintal,uncertainty_method
2025-01-10,Vallam,B P T,Local,1,2301.316162109375,1890.513037109375,2712.119287109375,2025 TEST XGBoost empirical absolute-error 90% band
2025-01-11,Vallam,B P T,Local,2,2303.325927734375,1892.522802734375,2714.129052734375,2025 TEST XGBoost empirical absolute-error 90% band
2025-01-12,Vallam,B P T,Local,3,2304.15087890625,1893.34775390625,2714.95400390625,2025 TEST XGBoost empirical absolute-error 90% band
2025-01-13,Vallam,B P T,Local,4,2302.5830078125,1891.7798828125,2713.3861328125,2025 TEST XGBoost empirical absolute-error 90% band
2025-01-14,Vallam,B P T,Local,5,2301.104248046875,1890.301123046875,2711.907373046875,2025 TEST XGBoost empirical absolute-error 90% band
2025-01-15,Vallam,B P T,Local,6,2301.104248046875,1890.301123046875,2711.907373046875,2025 TEST XGBoost empirical absolute-error 90% band
2025-01-16,Vallam,B P T,Local,7,2303.97314453125,1893.17001953125,2714.77626953125,2025 TEST XGBoost empirical absolute-error 90% band
2025-01-17,Vallam,B P T,Local,8,2304.77392578125,1893.97080078125,2715.57705078125,2025 TEST XGBoost empirical absolute-error 90% band
2025-01-18,Vallam,B P T,Local,9,2304.40869140625,1893.60556640625,2715.21181640625,2025 TEST XGBoost empirical absolute-error 90% band
2025-01-19,Vallam,B P T,Local,10,2304.40869140625,1893.60556640625,2715.21181640625,2025 TEST XGBoost empirical absolute-error 90% band
2025-01-20,Vallam,B P T,Local,11,2304.3740234375,1893.5708984375,2715.1771484375,2025 TEST XGBoost empirical absolute-error 90% band
2025-01-21,Vallam,B P T,Local,12,2305.55810546875,1894.75498046875,2716.36123046875,2025 TEST XGBoost empirical absolute-error 90% band
2025-01-22,Vallam,B P T,Local,13,2306.489501953125,1895.686376953125,2717.292626953125,2025 TEST XGBoost empirical absolute-error 90% band
2025-01-23,Vallam,B P T,Local,14,2291.410400390625,1880.607275390625,2702.213525390625,2025 TEST XGBoost empirical absolute-error 90% band
2025-01-24,Vallam,B P T,Local,15,2306.40478515625,1895.60166015625,2717.20791015625,2025 TEST XGBoost empirical absolute-error 90% band
2025-01-25,Vallam,B P T,Local,16,2310.93603515625,1900.13291015625,2721.73916015625,2025 TEST XGBoost empirical absolute-error 90% band
2025-01-26,Vallam,B P T,Local,17,2310.93603515625,1900.13291015625,2721.73916015625,2025 TEST XGBoost empirical absolute-error 90% band
2025-01-27,Vallam,B P T,Local,18,2315.3662109375,1904.5630859375,2726.1693359375,2025 TEST XGBoost empirical absolute-error 90% band
2025-01-28,Vallam,B P T,Local,19,2316.297607421875,1905.494482421875,2727.100732421875,2025 TEST XGBoost empirical absolute-error 90% band
2025-01-29,Vallam,B P T,Local,20,2316.93994140625,1906.13681640625,2727.74306640625,2025 TEST XGBoost empirical absolute-error 90% band
2025-01-30,Vallam,B P T,Local,21,2297.5009765625,1886.6978515625,2708.3041015625,2025 TEST XGBoost empirical absolute-error 90% band
2025-01-31,Vallam,B P T,Local,22,2296.962646484375,1886.159521484375,2707.765771484375,2025 TEST XGBoost empirical absolute-error 90% band
2025-02-01,Vallam,B P T,Local,23,2315.82666015625,1905.02353515625,2726.62978515625,2025 TEST XGBoost empirical absolute-error 90% band
2025-02-02,Vallam,B P T,Local,24,2315.6181640625,1904.8150390625,2726.4212890625,2025 TEST XGBoost empirical absolute-error 90% band
2025-02-03,Vallam,B P T,Local,25,2316.739501953125,1905.936376953125,2727.542626953125,2025 TEST XGBoost empirical absolute-error 90% band
2025-02-04,Vallam,B P T,Local,26,2315.9599609375,1905.1568359375,2726.7630859375,2025 TEST XGBoost empirical absolute-error 90% band
2025-02-05,Vallam,B P T,Local,27,2319.595458984375,1908.792333984375,2730.398583984375,2025 TEST XGBoost empirical absolute-error 90% band
2025-02-06,Vallam,B P T,Local,28,2348.41552734375,1937.61240234375,2759.21865234375,2025 TEST XGBoost empirical absolute-error 90% band
2025-02-07,Vallam,B P T,Local,29,2348.14599609375,1937.34287109375,2758.94912109375,2025 TEST XGBoost empirical absolute-error 90% band
2025-02-08,Vallam,B P T,Local,30,2348.39501953125,1937.59189453125,2759.19814453125,2025 TEST XGBoost empirical absolute-error 90% band
