model,split,MAE,RMSE,MAPE,R2,n
Naive Last Value,train,26.029411764705884,79.99383046511817,1.377539981907414,0.8319922682392413,2788
Naive Last Value,validation,209.75155279503105,440.78416853355077,8.75809722653989,0.24893595033703897,161
Naive Last Value,test,248.3582089552239,412.2055710878019,9.559946022399611,0.1279592839570366,67
Moving Average 7,train,34.49268548882968,84.96457337020547,1.8370804061212265,0.8104638546124111,2788
Moving Average 7,validation,212.36468500443652,392.98985013552823,9.200718232581155,0.40298166787188894,161
Moving Average 7,test,277.7078891257995,392.9028176588666,11.177033472353912,0.20771882815856368,67
Random Forest,validation,146.82785093167703,316.1738234894304,5.842887157558398,0.6135646732265383,161
Random Forest,test,150.11504477611945,322.51094973483566,5.1069854499979614,0.46617614528709916,67
XGBoost,validation,144.835512149408,320.72474684495995,5.684830480629722,0.6023601135381023,161
XGBoost,test,138.02529406191698,322.31741702698497,4.624754687519151,0.466816628212119,67
