listing_id,crop,variety,grade,quantity_quintals,farmer_market,minimum_expected_price,latitude,longitude,created_date,synthetic_demo_data
F-SYN-0001,Paddy,I.R. 49,FAQ,39.1,Thanjavur,2240.53,10.787,79.1378,2026-05-14,True
F-SYN-0002,Paddy,Other,Local,164.4,Thanjavur,2550.0,10.787,79.1378,2026-03-23,True
F-SYN-0003,Paddy,Culture,FAQ,34.0,Thiruppananthal,2214.83,,,2026-02-20,True
F-SYN-0004,Paddy,I.R. 49,FAQ,51.7,Thanjavur,2478.05,10.787,79.1378,2026-06-25,True
F-SYN-0005,Paddy,Culture,FAQ,98.1,Orathanadu,1869.93,10.628,79.2531,2026-03-16,True
F-SYN-0006,Paddy,ADT 43,Local,53.6,Kumbakonam,1710.71,10.9617,79.388,2026-02-04,True
F-SYN-0007,Paddy,Ponni,Local,34.1,Thanjavur,2241.05,10.787,79.1378,2026-03-20,True
F-SYN-0008,Paddy,Paddy,FAQ,5.3,Kumbakonam,1712.12,10.9617,79.388,2026-05-04,True
F-SYN-0009,Paddy,Paddy,FAQ,74.1,Thiruppananthal,1854.55,,,2026-01-07,True
F-SYN-0010,Paddy,ADT 37,Local,78.1,Budalur,1871.92,10.7968,78.9769,2026-03-27,True
F-SYN-0011,Paddy,1001,FAQ,52.9,Papanasam,1677.59,10.9252,79.2708,2026-02-20,True
F-SYN-0012,Paddy,B P T,FAQ,28.2,Vallam,1876.9,10.714,79.702,2026-01-11,True
F-SYN-0013,Paddy,Culture,FAQ,50.0,Papanasam,1828.32,10.9252,79.2708,2026-03-02,True
F-SYN-0014,Paddy,1001,FAQ,49.1,Budalur,1361.5,10.7968,78.9769,2026-03-25,True
F-SYN-0015,Paddy,Culture,FAQ,61.7,Thanjavur,1831.83,10.787,79.1378,2026-06-23,True
F-SYN-0016,Paddy,1001,FAQ,38.9,Budalur,1772.84,10.7968,78.9769,2026-06-14,True
F-SYN-0017,Paddy,ADT 43,Local,36.6,Thanjavur,2164.0,10.787,79.1378,2026-01-24,True
F-SYN-0018,Paddy,Culture,FAQ,85.5,Budalur,1793.79,10.7968,78.9769,2026-04-15,True
F-SYN-0019,Paddy,I.R. 49,FAQ,45.1,Thanjavur,2220.14,10.787,79.1378,2026-05-18,True
F-SYN-0020,Paddy,B P T,FAQ,25.6,Budalur,1807.97,10.7968,78.9769,2026-03-01,True
F-SYN-0021,Paddy,ADT 43,Local,41.4,Budalur,1790.34,10.7968,78.9769,2026-01-28,True
F-SYN-0022,Paddy,Ponni,Local,96.3,Orathanadu,2153.65,10.628,79.2531,2026-01-15,True
F-SYN-0023,Paddy,Culture,FAQ,66.3,Papanasam,1817.07,10.9252,79.2708,2026-02-21,True
F-SYN-0024,Paddy,1001,FAQ,28.5,Thiruppananthal,1476.48,,,2026-01-26,True
F-SYN-0025,Paddy,ADT 43,Local,37.1,Budalur,1902.83,10.7968,78.9769,2026-06-26,True
F-SYN-0026,Paddy,ADT 43,Local,59.0,Budalur,1912.13,10.7968,78.9769,2026-03-09,True
F-SYN-0027,Paddy,I.R. 49,FAQ,116.5,Vallam,1776.88,10.714,79.702,2026-04-07,True
F-SYN-0028,Paddy,1001,FAQ,93.6,Kumbakonam,1879.79,10.9617,79.388,2026-06-11,True
F-SYN-0029,Paddy,Culture,FAQ,8.3,Orathanadu,1638.34,10.628,79.2531,2026-05-14,True
F-SYN-0030,Paddy,Other,Local,49.2,Budalur,1994.62,10.7968,78.9769,2026-02-13,True
F-SYN-0031,Paddy,B P T,FAQ,32.2,Budalur,1815.86,10.7968,78.9769,2026-02-27,True
F-SYN-0032,Paddy,Ponni,Local,28.7,Orathanadu,1705.9,10.628,79.2531,2026-01-03,True
F-SYN-0033,Paddy,ADT 43,Local,33.1,Budalur,1874.33,10.7968,78.9769,2026-01-05,True
F-SYN-0034,Paddy,Other,Local,15.5,Thanjavur,2535.51,10.787,79.1378,2026-01-23,True
F-SYN-0035,Paddy,Culture,FAQ,102.5,Orathanadu,1829.54,10.628,79.2531,2026-04-19,True
F-SYN-0036,Paddy,Culture,FAQ,159.6,Pattukottai,1830.23,10.425,79.314,2026-01-26,True
F-SYN-0037,Paddy,Other,Local,8.8,Vallam,2550.0,10.714,79.702,2026-02-22,True
F-SYN-0038,Paddy,Paddy,FAQ,76.2,Thiruppananthal,1878.11,,,2026-04-07,True
F-SYN-0039,Paddy,ADT 37,Local,67.2,Kumbakonam,1766.03,10.9617,79.388,2026-04-07,True
F-SYN-0040,Paddy,ADT 43,Local,25.8,Budalur,1802.0,10.7968,78.9769,2026-05-28,True
F-SYN-0041,Paddy,ADT 37,Local,116.6,Budalur,1807.87,10.7968,78.9769,2026-01-29,True
F-SYN-0042,Paddy,ADT 43,Local,6.9,Budalur,1794.42,10.7968,78.9769,2026-01-04,True
F-SYN-0043,Paddy,Culture,FAQ,92.5,Papanasam,1815.03,10.9252,79.2708,2026-05-24,True
F-SYN-0044,Paddy,Paddy,FAQ,65.0,Budalur,1775.91,10.7968,78.9769,2026-02-12,True
F-SYN-0045,Paddy,1001,FAQ,43.1,Budalur,1687.68,10.7968,78.9769,2026-03-15,True
F-SYN-0046,Paddy,Ponni,Local,86.8,Budalur,1985.81,10.7968,78.9769,2026-06-13,True
F-SYN-0047,Paddy,I.R. 49,FAQ,91.5,Thanjavur,2211.49,10.787,79.1378,2026-05-31,True
F-SYN-0048,Paddy,Culture,FAQ,65.0,Kumbakonam,1569.45,10.9617,79.388,2026-02-18,True
F-SYN-0049,Paddy,B P T,FAQ,29.0,Budalur,1449.3,10.7968,78.9769,2026-02-12,True
F-SYN-0050,Paddy,ADT 43,Local,90.9,Vallam,1787.6,10.714,79.702,2026-03-29,True
F-SYN-0051,Paddy,ADT 37,Local,30.7,Thanjavur,2228.93,10.787,79.1378,2026-01-07,True
F-SYN-0052,Paddy,ADT 37,Local,30.4,Thanjavur,1879.39,10.787,79.1378,2026-01-24,True
F-SYN-0053,Paddy,Culture,FAQ,75.6,Budalur,1911.42,10.7968,78.9769,2026-03-22,True
F-SYN-0054,Paddy,Paddy,FAQ,26.6,Thiruppananthal,1875.69,,,2026-02-15,True
F-SYN-0055,Paddy,ADT 37,Local,85.8,Budalur,1856.83,10.7968,78.9769,2026-06-16,True
F-SYN-0056,Paddy,Paddy,FAQ,8.1,Orathanadu,1709.24,10.628,79.2531,2026-06-18,True
F-SYN-0057,Paddy,Other,Local,36.4,Thanjavur,2484.25,10.787,79.1378,2026-05-28,True
F-SYN-0058,Paddy,Other,Local,37.8,Budalur,1809.96,10.7968,78.9769,2026-02-26,True
F-SYN-0059,Paddy,Other,Local,178.0,Kumbakonam,2460.6,10.9617,79.388,2026-04-21,True
F-SYN-0060,Paddy,Culture,FAQ,34.8,Kumbakonam,1910.26,10.9617,79.388,2026-05-10,True
F-SYN-0061,Paddy,ADT 37,Local,20.9,Thanjavur,2238.5,10.787,79.1378,2026-05-11,True
F-SYN-0062,Paddy,Paddy,FAQ,178.1,Budalur,1783.69,10.7968,78.9769,2026-03-22,True
F-SYN-0063,Paddy,B P T,FAQ,46.4,Budalur,1781.02,10.7968,78.9769,2026-05-01,True
F-SYN-0064,Paddy,Ponni,Local,13.4,Thanjavur,2276.47,10.787,79.1378,2026-01-17,True
F-SYN-0065,Paddy,Paddy,FAQ,42.2,Budalur,1873.77,10.7968,78.9769,2026-01-01,True
F-SYN-0066,Paddy,1001,FAQ,43.4,Budalur,1774.31,10.7968,78.9769,2026-05-26,True
F-SYN-0067,Paddy,Ponni,Local,42.4,Thiruppananthal,1742.74,,,2026-03-24,True
F-SYN-0068,Paddy,ADT 37,Local,49.3,Budalur,1881.76,10.7968,78.9769,2026-05-15,True
F-SYN-0069,Paddy,1001,FAQ,161.2,Thanjavur,1774.29,10.787,79.1378,2026-04-03,True
F-SYN-0070,Paddy,1001,FAQ,8.2,Pattukottai,1774.24,10.425,79.314,2026-06-10,True
F-SYN-0071,Paddy,B P T,FAQ,74.3,Budalur,2095.7,10.7968,78.9769,2026-03-22,True
F-SYN-0072,Paddy,ADT 37,Local,96.4,Vallam,1892.37,10.714,79.702,2026-04-15,True
F-SYN-0073,Paddy,Culture,FAQ,9.7,Budalur,1838.51,10.7968,78.9769,2026-06-21,True
F-SYN-0074,Paddy,ADT 43,Local,64.5,Kumbakonam,1783.39,10.9617,79.388,2026-04-21,True
F-SYN-0075,Paddy,Ponni,Local,68.4,Budalur,1791.48,10.7968,78.9769,2026-01-27,True
F-SYN-0076,Paddy,ADT 43,Local,59.0,Papanasam,1487.75,10.9252,79.2708,2026-05-08,True
F-SYN-0077,Paddy,B P T,FAQ,22.9,Thiruppananthal,1762.34,,,2026-05-27,True
F-SYN-0078,Paddy,Other,Local,58.9,Vallam,1619.68,10.714,79.702,2026-04-02,True
F-SYN-0079,Paddy,B P T,FAQ,43.3,Thiruppananthal,1778.04,,,2026-01-15,True
F-SYN-0080,Paddy,ADT 43,Local,34.0,Kumbakonam,1798.95,10.9617,79.388,2026-02-26,True
F-SYN-0081,Paddy,B P T,FAQ,17.8,Vallam,1827.92,10.714,79.702,2026-04-01,True
F-SYN-0082,Paddy,Ponni,Local,63.3,Vallam,1890.53,10.714,79.702,2026-02-26,True
F-SYN-0083,Paddy,B P T,FAQ,10.8,Thanjavur,1962.05,10.787,79.1378,2026-03-17,True
F-SYN-0084,Paddy,Paddy,FAQ,20.7,Vallam,1987.49,10.714,79.702,2026-06-01,True
F-SYN-0085,Paddy,ADT 43,Local,49.0,Kumbakonam,1579.02,10.9617,79.388,2026-02-25,True
F-SYN-0086,Paddy,ADT 37,Local,75.2,Vallam,1830.39,10.714,79.702,2026-02-12,True
F-SYN-0087,Paddy,1001,FAQ,78.9,Orathanadu,1662.35,10.628,79.2531,2026-03-15,True
F-SYN-0088,Paddy,Other,Local,34.6,Thanjavur,2550.0,10.787,79.1378,2026-03-08,True
F-SYN-0089,Paddy,Culture,FAQ,158.7,Orathanadu,1843.12,10.628,79.2531,2026-01-22,True
F-SYN-0090,Paddy,Paddy,FAQ,37.1,Kumbakonam,1754.54,10.9617,79.388,2026-04-07,True
F-SYN-0091,Paddy,B P T,FAQ,37.5,Pattukottai,1862.89,10.425,79.314,2026-05-06,True
F-SYN-0092,Paddy,Culture,FAQ,78.0,Kumbakonam,1828.26,10.9617,79.388,2026-01-02,True
F-SYN-0093,Paddy,Paddy,FAQ,172.1,Vallam,1851.69,10.714,79.702,2026-02-21,True
F-SYN-0094,Paddy,Ponni,Local,73.2,Thanjavur,2446.55,10.787,79.1378,2026-01-21,True
F-SYN-0095,Paddy,B P T,Local,85.0,Thanjavur,2407.65,10.787,79.1378,2026-04-26,True
F-SYN-0096,Paddy,B P T,FAQ,146.5,Budalur,1860.43,10.7968,78.9769,2026-05-21,True
F-SYN-0097,Paddy,ADT 43,Local,88.1,Vallam,1751.55,10.714,79.702,2026-02-18,True
F-SYN-0098,Paddy,Ponni,Local,28.6,Thiruppananthal,1793.4,,,2026-03-09,True
F-SYN-0099,Paddy,I.R. 49,FAQ,42.9,Thanjavur,2248.1,10.787,79.1378,2026-06-14,True
F-SYN-0100,Paddy,ADT 43,Local,41.8,Pattukottai,1942.72,10.425,79.314,2026-01-01,True
F-SYN-0101,Paddy,Other,Local,60.9,Kumbakonam,2109.83,10.9617,79.388,2026-05-22,True
F-SYN-0102,Paddy,Paddy,FAQ,51.3,Budalur,1779.67,10.7968,78.9769,2026-03-13,True
F-SYN-0103,Paddy,Other,Local,129.6,Budalur,2511.49,10.7968,78.9769,2026-05-21,True
F-SYN-0104,Paddy,B P T,FAQ,63.5,Budalur,1892.53,10.7968,78.9769,2026-06-30,True
F-SYN-0105,Paddy,ADT 37,Local,12.1,Vallam,1841.54,10.714,79.702,2026-04-11,True
F-SYN-0106,Paddy,1001,FAQ,175.2,Orathanadu,1655.17,10.628,79.2531,2026-03-04,True
F-SYN-0107,Paddy,Ponni,Local,36.8,Papanasam,1706.68,10.9252,79.2708,2026-02-25,True
F-SYN-0108,Paddy,Culture,FAQ,16.3,Thanjavur,1812.23,10.787,79.1378,2026-04-29,True
F-SYN-0109,Paddy,B P T,FAQ,87.0,Budalur,1871.35,10.7968,78.9769,2026-04-25,True
F-SYN-0110,Paddy,B P T,Local,178.8,Orathanadu,2161.12,10.628,79.2531,2026-05-03,True
F-SYN-0111,Paddy,ADT 37,Local,151.3,Budalur,1885.24,10.7968,78.9769,2026-06-19,True
F-SYN-0112,Paddy,B P T,FAQ,7.3,Budalur,1839.41,10.7968,78.9769,2026-01-19,True
F-SYN-0113,Paddy,ADT 43,Local,18.5,Orathanadu,1699.34,10.628,79.2531,2026-05-21,True
F-SYN-0114,Paddy,1001,FAQ,40.1,Thanjavur,1797.33,10.787,79.1378,2026-02-24,True
F-SYN-0115,Paddy,B P T,FAQ,60.0,Budalur,1912.27,10.7968,78.9769,2026-03-16,True
F-SYN-0116,Paddy,B P T,FAQ,21.8,Thanjavur,2173.05,10.787,79.1378,2026-02-17,True
F-SYN-0117,Paddy,B P T,FAQ,21.1,Thanjavur,2282.47,10.787,79.1378,2026-06-06,True
F-SYN-0118,Paddy,Other,Local,11.6,Budalur,2550.0,10.7968,78.9769,2026-01-26,True
F-SYN-0119,Paddy,ADT 37,Local,75.4,Budalur,1918.66,10.7968,78.9769,2026-05-05,True
F-SYN-0120,Paddy,Paddy,FAQ,91.3,Budalur,1763.09,10.7968,78.9769,2026-04-23,True
F-SYN-0121,Paddy,ADT 43,Local,136.2,Budalur,1828.31,10.7968,78.9769,2026-05-13,True
F-SYN-0122,Paddy,Paddy,FAQ,59.1,Kumbakonam,1780.59,10.9617,79.388,2026-04-19,True
F-SYN-0123,Paddy,Paddy,FAQ,30.4,Budalur,1788.89,10.7968,78.9769,2026-06-02,True
F-SYN-0124,Paddy,Other,Local,10.0,Thanjavur,1876.26,10.787,79.1378,2026-06-11,True
F-SYN-0125,Paddy,1001,FAQ,5.6,Thanjavur,1814.43,10.787,79.1378,2026-04-11,True
F-SYN-0126,Paddy,Ponni,Local,77.3,Papanasam,1515.65,10.9252,79.2708,2026-06-12,True
F-SYN-0127,Paddy,Other,Local,90.2,Budalur,2550.0,10.7968,78.9769,2026-02-04,True
F-SYN-0128,Paddy,1001,FAQ,73.2,Papanasam,1536.47,10.9252,79.2708,2026-06-08,True
F-SYN-0129,Paddy,Other,Local,99.0,Kumbakonam,2550.0,10.9617,79.388,2026-01-28,True
F-SYN-0130,Paddy,B P T,FAQ,45.6,Orathanadu,1668.75,10.628,79.2531,2026-05-25,True
F-SYN-0131,Paddy,I.R. 49,FAQ,117.8,Vallam,1808.7,10.714,79.702,2026-05-04,True
F-SYN-0132,Paddy,ADT 37,Local,92.7,Vallam,1857.41,10.714,79.702,2026-02-08,True
F-SYN-0133,Paddy,B P T,FAQ,74.2,Kumbakonam,1777.31,10.9617,79.388,2026-03-22,True
F-SYN-0134,Paddy,1001,FAQ,31.0,Vallam,1753.78,10.714,79.702,2026-05-25,True
F-SYN-0135,Paddy,ADT 37,Local,63.7,Budalur,2314.3,10.7968,78.9769,2026-04-24,True
F-SYN-0136,Paddy,ADT 43,Local,146.8,Papanasam,1758.89,10.9252,79.2708,2026-03-16,True
F-SYN-0137,Paddy,B P T,FAQ,29.0,Budalur,1805.93,10.7968,78.9769,2026-01-09,True
F-SYN-0138,Paddy,B P T,FAQ,56.7,Vallam,2000.56,10.714,79.702,2026-01-18,True
F-SYN-0139,Paddy,Ponni,Local,6.6,Budalur,1857.2,10.7968,78.9769,2026-01-02,True
F-SYN-0140,Paddy,Culture,FAQ,15.3,Vallam,1783.85,10.714,79.702,2026-03-31,True
F-SYN-0141,Paddy,ADT 43,Local,195.3,Thanjavur,2445.04,10.787,79.1378,2026-04-17,True
F-SYN-0142,Paddy,1001,FAQ,77.0,Budalur,1781.79,10.7968,78.9769,2026-04-11,True
F-SYN-0143,Paddy,Culture,FAQ,75.1,Papanasam,1886.59,10.9252,79.2708,2026-04-05,True
F-SYN-0144,Paddy,Other,Local,52.4,Budalur,1601.28,10.7968,78.9769,2026-03-15,True
F-SYN-0145,Paddy,B P T,FAQ,34.6,Vallam,1877.1,10.714,79.702,2026-04-22,True
F-SYN-0146,Paddy,ADT 37,Local,92.5,Kumbakonam,1644.75,10.9617,79.388,2026-02-14,True
F-SYN-0147,Paddy,Culture,FAQ,37.9,Kumbakonam,1804.02,10.9617,79.388,2026-01-14,True
F-SYN-0148,Paddy,Paddy,FAQ,66.1,Thanjavur,1846.87,10.787,79.1378,2026-03-30,True
F-SYN-0149,Paddy,B P T,FAQ,116.4,Budalur,1957.12,10.7968,78.9769,2026-03-09,True
F-SYN-0150,Paddy,Culture,FAQ,132.2,Budalur,1785.09,10.7968,78.9769,2026-01-06,True
F-SYN-0151,Paddy,1001,FAQ,39.6,Papanasam,1748.94,10.9252,79.2708,2026-01-26,True
F-SYN-0152,Paddy,Paddy,FAQ,6.8,Thanjavur,1824.58,10.787,79.1378,2026-01-28,True
F-SYN-0153,Paddy,1001,FAQ,52.7,Kumbakonam,1600.11,10.9617,79.388,2026-02-08,True
F-SYN-0154,Paddy,Ponni,Local,7.2,Kumbakonam,1835.05,10.9617,79.388,2026-01-01,True
F-SYN-0155,Paddy,Paddy,FAQ,37.3,Orathanadu,1783.05,10.628,79.2531,2026-04-28,True
F-SYN-0156,Paddy,ADT 43,Local,97.0,Thanjavur,2222.95,10.787,79.1378,2026-04-30,True
F-SYN-0157,Paddy,I.R. 49,FAQ,20.7,Kumbakonam,1662.67,10.9617,79.388,2026-02-22,True
F-SYN-0158,Paddy,Ponni,Local,38.2,Thanjavur,2233.8,10.787,79.1378,2026-04-07,True
F-SYN-0159,Paddy,Other,Local,70.5,Kumbakonam,2550.0,10.9617,79.388,2026-05-12,True
F-SYN-0160,Paddy,Ponni,Local,47.5,Kumbakonam,1731.32,10.9617,79.388,2026-03-03,True
F-SYN-0161,Paddy,ADT 43,Local,16.4,Budalur,1886.76,10.7968,78.9769,2026-05-26,True
F-SYN-0162,Paddy,ADT 37,Local,14.6,Thanjavur,2235.21,10.787,79.1378,2026-02-14,True
F-SYN-0163,Paddy,ADT 43,Local,24.0,Budalur,1924.37,10.7968,78.9769,2026-04-09,True
F-SYN-0164,Paddy,Other,Local,39.2,Vallam,2475.1,10.714,79.702,2026-02-16,True
F-SYN-0165,Paddy,B P T,FAQ,76.6,Kumbakonam,1749.61,10.9617,79.388,2026-03-07,True
F-SYN-0166,Paddy,B P T,FAQ,77.9,Vallam,1868.77,10.714,79.702,2026-02-28,True
F-SYN-0167,Paddy,Paddy,FAQ,98.7,Kumbakonam,1825.04,10.9617,79.388,2026-01-04,True
F-SYN-0168,Paddy,Other,Local,27.6,Thanjavur,1928.62,10.787,79.1378,2026-03-28,True
F-SYN-0169,Paddy,ADT 43,Local,33.6,Budalur,1848.32,10.7968,78.9769,2026-02-22,True
F-SYN-0170,Paddy,Paddy,FAQ,48.3,Budalur,1917.26,10.7968,78.9769,2026-03-02,True
F-SYN-0171,Paddy,I.R. 49,FAQ,10.4,Thanjavur,2294.75,10.787,79.1378,2026-01-05,True
F-SYN-0172,Paddy,B P T,FAQ,32.7,Pattukottai,1749.31,10.425,79.314,2026-06-27,True
F-SYN-0173,Paddy,Culture,FAQ,50.6,Budalur,1784.02,10.7968,78.9769,2026-01-29,True
F-SYN-0174,Paddy,B P T,FAQ,199.9,Papanasam,1885.21,10.9252,79.2708,2026-05-05,True
F-SYN-0175,Paddy,1001,FAQ,21.1,Orathanadu,1679.92,10.628,79.2531,2026-02-02,True
F-SYN-0176,Paddy,B P T,FAQ,89.3,Budalur,1955.84,10.7968,78.9769,2026-03-05,True
F-SYN-0177,Paddy,B P T,FAQ,93.6,Kumbakonam,1787.32,10.9617,79.388,2026-02-18,True
F-SYN-0178,Paddy,ADT 37,Local,6.8,Vallam,1867.14,10.714,79.702,2026-01-28,True
F-SYN-0179,Paddy,1001,FAQ,89.4,Budalur,1678.16,10.7968,78.9769,2026-03-03,True
F-SYN-0180,Paddy,ADT 37,Local,45.6,Budalur,1867.92,10.7968,78.9769,2026-05-29,True
F-SYN-0181,Paddy,Culture,FAQ,85.0,Kumbakonam,1880.35,10.9617,79.388,2026-05-10,True
F-SYN-0182,Paddy,Culture,FAQ,8.0,Kumbakonam,1900.23,10.9617,79.388,2026-02-07,True
F-SYN-0183,Paddy,ADT 37,Local,113.7,Budalur,1846.57,10.7968,78.9769,2026-06-28,True
F-SYN-0184,Paddy,I.R. 49,FAQ,51.5,Kumbakonam,1679.78,10.9617,79.388,2026-06-08,True
F-SYN-0185,Paddy,Culture,FAQ,73.1,Budalur,1897.68,10.7968,78.9769,2026-03-11,True
F-SYN-0186,Paddy,Paddy,FAQ,55.6,Thanjavur,1828.03,10.787,79.1378,2026-01-09,True
F-SYN-0187,Paddy,ADT 43,Local,14.5,Kumbakonam,1772.82,10.9617,79.388,2026-01-24,True
F-SYN-0188,Paddy,Culture,FAQ,12.4,Kumbakonam,1796.04,10.9617,79.388,2026-05-03,True
F-SYN-0189,Paddy,Other,Local,68.6,Vallam,2528.05,10.714,79.702,2026-06-02,True
F-SYN-0190,Paddy,Ponni,Local,52.8,Budalur,1815.71,10.7968,78.9769,2026-04-17,True
F-SYN-0191,Paddy,B P T,FAQ,35.1,Budalur,1812.77,10.7968,78.9769,2026-02-02,True
F-SYN-0192,Paddy,ADT 43,Local,52.3,Kumbakonam,1730.13,10.9617,79.388,2026-03-06,True
F-SYN-0193,Paddy,1001,FAQ,26.7,Vallam,1754.9,10.714,79.702,2026-03-15,True
F-SYN-0194,Paddy,ADT 37,Local,104.4,Vallam,1846.32,10.714,79.702,2026-05-29,True
F-SYN-0195,Paddy,1001,FAQ,50.2,Kumbakonam,1853.96,10.9617,79.388,2026-05-26,True
F-SYN-0196,Paddy,Ponni,Local,25.5,Orathanadu,1892.39,10.628,79.2531,2026-06-25,True
F-SYN-0197,Paddy,I.R. 49,FAQ,75.4,Budalur,1801.7,10.7968,78.9769,2026-04-15,True
F-SYN-0198,Paddy,B P T,FAQ,139.1,Kumbakonam,1825.45,10.9617,79.388,2026-04-25,True
F-SYN-0199,Paddy,ADT 43,Local,73.3,Kumbakonam,1738.96,10.9617,79.388,2026-03-08,True
F-SYN-0200,Paddy,ADT 43,Local,63.3,Kumbakonam,1715.91,10.9617,79.388,2026-01-18,True
F-SYN-0201,Paddy,Paddy,FAQ,95.7,Budalur,1777.1,10.7968,78.9769,2026-02-02,True
F-SYN-0202,Paddy,I.R. 49,FAQ,157.9,Thanjavur,2185.65,10.787,79.1378,2026-06-21,True
F-SYN-0203,Paddy,I.R. 49,FAQ,31.0,Budalur,1970.03,10.7968,78.9769,2026-01-28,True
F-SYN-0204,Paddy,Paddy,FAQ,35.8,Orathanadu,1855.42,10.628,79.2531,2026-01-01,True
F-SYN-0205,Paddy,Paddy,FAQ,69.8,Kumbakonam,1762.77,10.9617,79.388,2026-02-08,True
F-SYN-0206,Paddy,Culture,FAQ,92.7,Vallam,1795.42,10.714,79.702,2026-06-04,True
F-SYN-0207,Paddy,ADT 37,Local,98.9,Kumbakonam,1585.24,10.9617,79.388,2026-05-13,True
F-SYN-0208,Paddy,I.R. 49,FAQ,90.3,Kumbakonam,1538.14,10.9617,79.388,2026-03-17,True
F-SYN-0209,Paddy,Other,Local,67.8,Budalur,2550.0,10.7968,78.9769,2026-03-20,True
F-SYN-0210,Paddy,Other,Local,21.2,Budalur,2550.0,10.7968,78.9769,2026-03-10,True
F-SYN-0211,Paddy,Ponni,Local,8.4,Orathanadu,2244.43,10.628,79.2531,2026-04-03,True
F-SYN-0212,Paddy,Ponni,Local,92.3,Kumbakonam,1684.7,10.9617,79.388,2026-06-26,True
F-SYN-0213,Paddy,B P T,FAQ,99.6,Pattukottai,1838.6,10.425,79.314,2026-03-28,True
F-SYN-0214,Paddy,Ponni,Local,37.8,Budalur,1923.25,10.7968,78.9769,2026-02-24,True
F-SYN-0215,Paddy,Ponni,Local,23.7,Thiruppananthal,1892.74,,,2026-01-13,True
F-SYN-0216,Paddy,Ponni,Local,131.1,Papanasam,1512.08,10.9252,79.2708,2026-03-22,True
F-SYN-0217,Paddy,Culture,FAQ,82.5,Budalur,1563.45,10.7968,78.9769,2026-04-08,True
F-SYN-0218,Paddy,Paddy,FAQ,72.7,Vallam,1757.79,10.714,79.702,2026-06-20,True
F-SYN-0219,Paddy,Ponni,Local,67.4,Papanasam,1594.22,10.9252,79.2708,2026-06-06,True
F-SYN-0220,Paddy,B P T,FAQ,66.8,Kumbakonam,1532.84,10.9617,79.388,2026-01-17,True
F-SYN-0221,Paddy,Paddy,FAQ,39.2,Vallam,1762.31,10.714,79.702,2026-05-29,True
F-SYN-0222,Paddy,ADT 37,Local,10.4,Orathanadu,1678.09,10.628,79.2531,2026-06-26,True
F-SYN-0223,Paddy,ADT 37,Local,77.6,Budalur,1924.69,10.7968,78.9769,2026-05-25,True
F-SYN-0224,Paddy,ADT 37,Local,8.2,Thiruppananthal,1828.63,,,2026-06-06,True
F-SYN-0225,Paddy,B P T,FAQ,72.4,Budalur,1843.5,10.7968,78.9769,2026-03-18,True
F-SYN-0226,Paddy,ADT 37,Local,30.3,Kumbakonam,1608.39,10.9617,79.388,2026-05-02,True
F-SYN-0227,Paddy,Other,Local,71.2,Budalur,2086.89,10.7968,78.9769,2026-01-06,True
F-SYN-0228,Paddy,Culture,FAQ,44.0,Kumbakonam,1839.08,10.9617,79.388,2026-03-30,True
F-SYN-0229,Paddy,ADT 43,Local,146.9,Papanasam,1774.85,10.9252,79.2708,2026-03-31,True
F-SYN-0230,Paddy,Ponni,Local,65.7,Orathanadu,1785.34,10.628,79.2531,2026-05-29,True
F-SYN-0231,Paddy,ADT 37,Local,80.3,Thanjavur,2322.75,10.787,79.1378,2026-06-18,True
F-SYN-0232,Paddy,Ponni,Local,67.6,Kumbakonam,1764.83,10.9617,79.388,2026-05-27,True
F-SYN-0233,Paddy,I.R. 49,FAQ,84.8,Budalur,1863.98,10.7968,78.9769,2026-02-10,True
F-SYN-0234,Paddy,Ponni,Local,15.2,Budalur,1904.71,10.7968,78.9769,2026-06-23,True
F-SYN-0235,Paddy,ADT 37,Local,17.5,Orathanadu,1774.04,10.628,79.2531,2026-05-23,True
F-SYN-0236,Paddy,Culture,FAQ,82.3,Budalur,1567.8,10.7968,78.9769,2026-02-25,True
F-SYN-0237,Paddy,B P T,FAQ,66.9,Budalur,1899.69,10.7968,78.9769,2026-03-21,True
F-SYN-0238,Paddy,Paddy,FAQ,13.4,Budalur,1837.51,10.7968,78.9769,2026-02-01,True
F-SYN-0239,Paddy,ADT 37,Local,58.2,Thanjavur,2138.56,10.787,79.1378,2026-06-05,True
F-SYN-0240,Paddy,B P T,FAQ,92.0,Budalur,1959.67,10.7968,78.9769,2026-06-18,True
F-SYN-0241,Paddy,Culture,FAQ,67.7,Vallam,1924.11,10.714,79.702,2026-05-18,True
F-SYN-0242,Paddy,1001,FAQ,73.1,Budalur,1731.21,10.7968,78.9769,2026-03-31,True
F-SYN-0243,Paddy,Ponni,Local,99.7,Thiruppananthal,1916.57,,,2026-05-01,True
F-SYN-0244,Paddy,Paddy,FAQ,96.3,Vallam,1730.6,10.714,79.702,2026-03-14,True
F-SYN-0245,Paddy,Ponni,Local,7.0,Kumbakonam,1716.45,10.9617,79.388,2026-04-24,True
F-SYN-0246,Paddy,Ponni,Local,33.4,Kumbakonam,1886.82,10.9617,79.388,2026-05-04,True
F-SYN-0247,Paddy,Ponni,Local,54.1,Budalur,1839.3,10.7968,78.9769,2026-06-23,True
F-SYN-0248,Paddy,ADT 43,Local,32.2,Vallam,1997.93,10.714,79.702,2026-03-19,True
F-SYN-0249,Paddy,I.R. 49,FAQ,25.0,Thanjavur,2153.35,10.787,79.1378,2026-03-07,True
F-SYN-0250,Paddy,Ponni,Local,18.8,Budalur,1858.87,10.7968,78.9769,2026-04-04,True
F-SYN-0251,Paddy,ADT 37,Local,68.8,Thanjavur,2150.19,10.787,79.1378,2026-05-15,True
F-SYN-0252,Paddy,Paddy,FAQ,95.4,Thanjavur,1945.89,10.787,79.1378,2026-06-27,True
F-SYN-0253,Paddy,Ponni,Local,52.0,Budalur,1800.86,10.7968,78.9769,2026-02-01,True
F-SYN-0254,Paddy,ADT 37,Local,56.0,Orathanadu,2278.37,10.628,79.2531,2026-05-25,True
F-SYN-0255,Paddy,ADT 37,Local,53.5,Budalur,1929.46,10.7968,78.9769,2026-03-14,True
F-SYN-0256,Paddy,Paddy,FAQ,52.7,Kumbakonam,1883.17,10.9617,79.388,2026-01-30,True
F-SYN-0257,Paddy,I.R. 49,FAQ,35.4,Vallam,1964.34,10.714,79.702,2026-04-09,True
F-SYN-0258,Paddy,ADT 43,Local,172.8,Pattukottai,1984.88,10.425,79.314,2026-01-24,True
F-SYN-0259,Paddy,1001,FAQ,85.0,Kumbakonam,1599.33,10.9617,79.388,2026-04-23,True
F-SYN-0260,Paddy,ADT 43,Local,63.7,Budalur,1862.8,10.7968,78.9769,2026-04-02,True
F-SYN-0261,Paddy,Ponni,Local,71.4,Thiruppananthal,1748.11,,,2026-05-25,True
F-SYN-0262,Paddy,ADT 37,Local,135.2,Thiruppananthal,1925.51,,,2026-05-11,True
F-SYN-0263,Paddy,I.R. 49,FAQ,92.5,Thanjavur,2131.89,10.787,79.1378,2026-01-18,True
F-SYN-0264,Paddy,ADT 43,Local,32.0,Thiruppananthal,1819.23,,,2026-06-27,True
F-SYN-0265,Paddy,ADT 43,Local,12.7,Kumbakonam,1811.46,10.9617,79.388,2026-06-16,True
F-SYN-0266,Paddy,Other,Local,41.9,Papanasam,2550.0,10.9252,79.2708,2026-01-10,True
F-SYN-0267,Paddy,B P T,FAQ,35.3,Kumbakonam,1799.96,10.9617,79.388,2026-02-10,True
F-SYN-0268,Paddy,Other,Local,13.1,Vallam,1904.45,10.714,79.702,2026-04-07,True
F-SYN-0269,Paddy,B P T,FAQ,71.9,Budalur,1833.06,10.7968,78.9769,2026-01-19,True
F-SYN-0270,Paddy,Culture,FAQ,61.0,Kumbakonam,1668.22,10.9617,79.388,2026-02-06,True
F-SYN-0271,Paddy,ADT 37,Local,133.2,Papanasam,1801.77,10.9252,79.2708,2026-05-30,True
F-SYN-0272,Paddy,ADT 37,Local,107.4,Budalur,1796.84,10.7968,78.9769,2026-01-22,True
F-SYN-0273,Paddy,Culture,FAQ,92.9,Budalur,1883.67,10.7968,78.9769,2026-02-25,True
F-SYN-0274,Paddy,I.R. 49,FAQ,50.2,Orathanadu,1819.25,10.628,79.2531,2026-03-22,True
F-SYN-0275,Paddy,Paddy,FAQ,59.8,Thiruppananthal,1823.45,,,2026-06-22,True
F-SYN-0276,Paddy,Other,Local,29.1,Vallam,2170.38,10.714,79.702,2026-05-19,True
F-SYN-0277,Paddy,ADT 37,Local,77.3,Vallam,1830.05,10.714,79.702,2026-03-22,True
F-SYN-0278,Paddy,I.R. 49,FAQ,44.4,Pattukottai,1968.08,10.425,79.314,2026-05-06,True
F-SYN-0279,Paddy,1001,FAQ,84.6,Kumbakonam,1704.87,10.9617,79.388,2026-05-20,True
F-SYN-0280,Paddy,ADT 43,Local,77.2,Thiruppananthal,1848.05,,,2026-05-18,True
F-SYN-0281,Paddy,Ponni,Local,44.3,Vallam,1877.5,10.714,79.702,2026-03-16,True
F-SYN-0282,Paddy,Culture,FAQ,145.1,Orathanadu,2199.3,10.628,79.2531,2026-03-31,True
F-SYN-0283,Paddy,B P T,FAQ,86.2,Budalur,1786.09,10.7968,78.9769,2026-04-08,True
F-SYN-0284,Paddy,Other,Local,26.9,Budalur,2538.22,10.7968,78.9769,2026-01-28,True
F-SYN-0285,Paddy,B P T,FAQ,36.7,Kumbakonam,1801.39,10.9617,79.388,2026-06-20,True
F-SYN-0286,Paddy,Culture,FAQ,13.8,Thanjavur,1820.04,10.787,79.1378,2026-06-30,True
F-SYN-0287,Paddy,I.R. 49,FAQ,78.3,Budalur,1936.52,10.7968,78.9769,2026-05-11,True
F-SYN-0288,Paddy,Paddy,FAQ,20.4,Vallam,1862.26,10.714,79.702,2026-04-06,True
F-SYN-0289,Paddy,Culture,FAQ,16.2,Vallam,1887.29,10.714,79.702,2026-04-26,True
F-SYN-0290,Paddy,Culture,FAQ,60.0,Papanasam,1848.07,10.9252,79.2708,2026-04-26,True
F-SYN-0291,Paddy,Culture,FAQ,53.7,Kumbakonam,1995.92,10.9617,79.388,2026-01-19,True
F-SYN-0292,Paddy,Other,Local,56.5,Papanasam,2385.4,10.9252,79.2708,2026-02-27,True
F-SYN-0293,Paddy,1001,FAQ,49.3,Budalur,1553.87,10.7968,78.9769,2026-04-04,True
F-SYN-0294,Paddy,I.R. 49,FAQ,40.7,Kumbakonam,1787.51,10.9617,79.388,2026-01-13,True
F-SYN-0295,Paddy,I.R. 49,FAQ,28.1,Budalur,1761.21,10.7968,78.9769,2026-01-26,True
F-SYN-0296,Paddy,Other,Local,61.6,Papanasam,2550.0,10.9252,79.2708,2026-03-31,True
F-SYN-0297,Paddy,Other,Local,20.4,Budalur,2550.0,10.7968,78.9769,2026-04-09,True
F-SYN-0298,Paddy,I.R. 49,FAQ,21.6,Papanasam,1774.55,10.9252,79.2708,2026-05-27,True
F-SYN-0299,Paddy,Other,Local,64.8,Papanasam,2550.0,10.9252,79.2708,2026-01-16,True
F-SYN-0300,Paddy,ADT 37,Local,37.4,Thiruppananthal,1876.58,,,2026-02-06,True
F-SYN-0301,Paddy,Culture,FAQ,197.1,Vallam,1913.12,10.714,79.702,2026-02-04,True
F-SYN-0302,Paddy,Culture,FAQ,74.3,Budalur,1859.66,10.7968,78.9769,2026-04-22,True
F-SYN-0303,Paddy,I.R. 49,FAQ,68.3,Budalur,1946.85,10.7968,78.9769,2026-05-11,True
F-SYN-0304,Paddy,Culture,FAQ,12.7,Kumbakonam,1919.65,10.9617,79.388,2026-05-13,True
F-SYN-0305,Paddy,I.R. 49,FAQ,62.7,Orathanadu,1723.0,10.628,79.2531,2026-02-06,True
F-SYN-0306,Paddy,Paddy,FAQ,99.2,Budalur,1777.17,10.7968,78.9769,2026-06-17,True
F-SYN-0307,Paddy,Culture,FAQ,21.6,Budalur,1818.3,10.7968,78.9769,2026-05-17,True
F-SYN-0308,Paddy,Other,Local,66.8,Budalur,1619.65,10.7968,78.9769,2026-06-03,True
F-SYN-0309,Paddy,ADT 43,Local,48.5,Vallam,1950.86,10.714,79.702,2026-02-19,True
F-SYN-0310,Paddy,ADT 37,Local,64.9,Thanjavur,2140.16,10.787,79.1378,2026-02-21,True
F-SYN-0311,Paddy,ADT 43,Local,27.8,Orathanadu,1859.6,10.628,79.2531,2026-05-18,True
F-SYN-0312,Paddy,1001,FAQ,62.7,Budalur,1729.32,10.7968,78.9769,2026-03-24,True
F-SYN-0313,Paddy,ADT 37,Local,19.7,Orathanadu,1766.18,10.628,79.2531,2026-05-14,True
F-SYN-0314,Paddy,1001,FAQ,57.1,Thanjavur,1758.84,10.787,79.1378,2026-01-05,True
F-SYN-0315,Paddy,Culture,FAQ,20.6,Thiruppananthal,1935.11,,,2026-06-23,True
F-SYN-0316,Paddy,Culture,FAQ,90.6,Budalur,1769.64,10.7968,78.9769,2026-06-28,True
F-SYN-0317,Paddy,1001,FAQ,6.8,Kumbakonam,1740.82,10.9617,79.388,2026-05-12,True
F-SYN-0318,Paddy,Ponni,Local,150.2,Budalur,1947.78,10.7968,78.9769,2026-01-17,True
F-SYN-0319,Paddy,Ponni,Local,56.8,Vallam,1916.65,10.714,79.702,2026-03-16,True
F-SYN-0320,Paddy,Paddy,FAQ,6.1,Kumbakonam,1766.6,10.9617,79.388,2026-06-26,True
F-SYN-0321,Paddy,I.R. 49,FAQ,55.8,Kumbakonam,1574.93,10.9617,79.388,2026-04-02,True
F-SYN-0322,Paddy,B P T,FAQ,74.3,Kumbakonam,1724.65,10.9617,79.388,2026-03-26,True
F-SYN-0323,Paddy,1001,FAQ,47.4,Budalur,1603.3,10.7968,78.9769,2026-06-22,True
F-SYN-0324,Paddy,ADT 43,Local,82.6,Thanjavur,2283.64,10.787,79.1378,2026-05-27,True
F-SYN-0325,Paddy,Other,Local,72.0,Thanjavur,2550.0,10.787,79.1378,2026-05-22,True
F-SYN-0326,Paddy,ADT 37,Local,8.8,Papanasam,1585.92,10.9252,79.2708,2026-06-17,True
F-SYN-0327,Paddy,B P T,FAQ,18.3,Budalur,1828.46,10.7968,78.9769,2026-03-17,True
F-SYN-0328,Paddy,B P T,FAQ,31.5,Kumbakonam,1676.79,10.9617,79.388,2026-01-17,True
F-SYN-0329,Paddy,B P T,FAQ,32.1,Vallam,1768.58,10.714,79.702,2026-01-13,True
F-SYN-0330,Paddy,Other,Local,58.5,Thiruppananthal,1652.23,,,2026-03-20,True
F-SYN-0331,Paddy,Culture,FAQ,28.0,Vallam,1883.02,10.714,79.702,2026-01-25,True
F-SYN-0332,Paddy,1001,FAQ,14.7,Thanjavur,1613.68,10.787,79.1378,2026-04-20,True
F-SYN-0333,Paddy,Paddy,FAQ,19.9,Kumbakonam,1835.92,10.9617,79.388,2026-01-09,True
F-SYN-0334,Paddy,Paddy,FAQ,65.1,Budalur,1835.83,10.7968,78.9769,2026-03-19,True
F-SYN-0335,Paddy,B P T,FAQ,64.8,Budalur,1839.49,10.7968,78.9769,2026-03-29,True
F-SYN-0336,Paddy,Paddy,FAQ,48.5,Budalur,1882.2,10.7968,78.9769,2026-05-23,True
F-SYN-0337,Paddy,I.R. 49,FAQ,37.5,Orathanadu,1874.79,10.628,79.2531,2026-06-20,True
F-SYN-0338,Paddy,ADT 37,Local,44.1,Papanasam,1758.33,10.9252,79.2708,2026-01-11,True
F-SYN-0339,Paddy,ADT 43,Local,189.5,Orathanadu,1898.99,10.628,79.2531,2026-02-16,True
F-SYN-0340,Paddy,ADT 37,Local,8.6,Kumbakonam,1736.23,10.9617,79.388,2026-05-10,True
F-SYN-0341,Paddy,Other,Local,108.8,Vallam,2152.9,10.714,79.702,2026-06-12,True
F-SYN-0342,Paddy,ADT 37,Local,65.0,Vallam,1839.99,10.714,79.702,2026-02-26,True
F-SYN-0343,Paddy,Culture,FAQ,6.4,Budalur,1873.27,10.7968,78.9769,2026-01-22,True
F-SYN-0344,Paddy,I.R. 49,FAQ,92.6,Kumbakonam,1808.46,10.9617,79.388,2026-01-18,True
F-SYN-0345,Paddy,Paddy,FAQ,7.1,Budalur,1818.5,10.7968,78.9769,2026-03-26,True
F-SYN-0346,Paddy,B P T,FAQ,63.3,Budalur,1825.81,10.7968,78.9769,2026-02-05,True
F-SYN-0347,Paddy,Other,Local,98.0,Kumbakonam,1843.59,10.9617,79.388,2026-02-24,True
F-SYN-0348,Paddy,Culture,FAQ,99.2,Vallam,2192.24,10.714,79.702,2026-01-11,True
F-SYN-0349,Paddy,1001,FAQ,70.5,Orathanadu,1567.71,10.628,79.2531,2026-01-15,True
F-SYN-0350,Paddy,Other,Local,92.1,Vallam,2200.8,10.714,79.702,2026-04-21,True
F-SYN-0351,Paddy,1001,FAQ,65.2,Budalur,1513.24,10.7968,78.9769,2026-01-04,True
F-SYN-0352,Paddy,ADT 37,Local,85.9,Kumbakonam,1686.53,10.9617,79.388,2026-02-06,True
F-SYN-0353,Paddy,ADT 43,Local,58.5,Budalur,1893.64,10.7968,78.9769,2026-04-20,True
F-SYN-0354,Paddy,ADT 43,Local,96.9,Budalur,1786.74,10.7968,78.9769,2026-01-08,True
F-SYN-0355,Paddy,ADT 37,Local,23.3,Thanjavur,2193.5,10.787,79.1378,2026-04-12,True
F-SYN-0356,Paddy,B P T,FAQ,11.3,Papanasam,1750.65,10.9252,79.2708,2026-06-30,True
F-SYN-0357,Paddy,ADT 37,Local,95.2,Kumbakonam,1782.0,10.9617,79.388,2026-06-02,True
F-SYN-0358,Paddy,1001,FAQ,120.9,Budalur,1537.63,10.7968,78.9769,2026-01-15,True
F-SYN-0359,Paddy,ADT 37,Local,33.9,Budalur,1874.23,10.7968,78.9769,2026-02-25,True
F-SYN-0360,Paddy,ADT 37,Local,44.1,Kumbakonam,1725.83,10.9617,79.388,2026-06-07,True
F-SYN-0361,Paddy,Other,Local,44.0,Budalur,2550.0,10.7968,78.9769,2026-06-29,True
F-SYN-0362,Paddy,Paddy,FAQ,54.1,Thiruppananthal,1794.56,,,2026-01-05,True
F-SYN-0363,Paddy,Other,Local,99.3,Papanasam,2550.0,10.9252,79.2708,2026-03-14,True
F-SYN-0364,Paddy,ADT 37,Local,81.1,Thiruppananthal,1900.5,,,2026-03-28,True
F-SYN-0365,Paddy,Paddy,FAQ,59.6,Budalur,1816.17,10.7968,78.9769,2026-05-07,True
F-SYN-0366,Paddy,ADT 43,Local,48.0,Budalur,2019.54,10.7968,78.9769,2026-01-28,True
F-SYN-0367,Paddy,Ponni,Local,6.7,Thanjavur,2284.92,10.787,79.1378,2026-02-23,True
F-SYN-0368,Paddy,Other,Local,85.4,Vallam,2364.37,10.714,79.702,2026-05-16,True
F-SYN-0369,Paddy,I.R. 49,FAQ,11.6,Kumbakonam,1630.88,10.9617,79.388,2026-04-02,True
F-SYN-0370,Paddy,ADT 37,Local,88.3,Papanasam,1780.44,10.9252,79.2708,2026-05-24,True
F-SYN-0371,Paddy,Culture,FAQ,168.2,Budalur,1836.13,10.7968,78.9769,2026-06-14,True
F-SYN-0372,Paddy,Ponni,Local,23.5,Kumbakonam,1707.45,10.9617,79.388,2026-03-30,True
F-SYN-0373,Paddy,Paddy,FAQ,45.8,Budalur,1672.72,10.7968,78.9769,2026-01-28,True
F-SYN-0374,Paddy,Ponni,Local,89.7,Thanjavur,2426.8,10.787,79.1378,2026-05-06,True
F-SYN-0375,Paddy,Paddy,FAQ,158.8,Thanjavur,1891.99,10.787,79.1378,2026-02-04,True
F-SYN-0376,Paddy,I.R. 49,FAQ,23.9,Kumbakonam,1715.1,10.9617,79.388,2026-06-30,True
F-SYN-0377,Paddy,Paddy,FAQ,75.1,Orathanadu,1798.83,10.628,79.2531,2026-03-04,True
F-SYN-0378,Paddy,I.R. 49,FAQ,76.4,Thanjavur,2227.46,10.787,79.1378,2026-05-24,True
F-SYN-0379,Paddy,1001,FAQ,45.4,Budalur,1797.51,10.7968,78.9769,2026-03-14,True
F-SYN-0380,Paddy,I.R. 49,FAQ,60.3,Budalur,1826.83,10.7968,78.9769,2026-05-30,True
F-SYN-0381,Paddy,Paddy,FAQ,6.8,Kumbakonam,1815.92,10.9617,79.388,2026-05-22,True
F-SYN-0382,Paddy,ADT 37,Local,8.7,Budalur,1813.76,10.7968,78.9769,2026-06-20,True
F-SYN-0383,Paddy,1001,FAQ,46.6,Kumbakonam,1602.88,10.9617,79.388,2026-06-17,True
F-SYN-0384,Paddy,I.R. 49,FAQ,71.3,Vallam,1926.34,10.714,79.702,2026-01-10,True
F-SYN-0385,Paddy,I.R. 49,FAQ,28.9,Papanasam,1842.19,10.9252,79.2708,2026-05-20,True
F-SYN-0386,Paddy,Ponni,Local,153.2,Thiruppananthal,1878.17,,,2026-01-10,True
F-SYN-0387,Paddy,Paddy,FAQ,13.1,Thanjavur,1756.68,10.787,79.1378,2026-02-27,True
F-SYN-0388,Paddy,Paddy,FAQ,24.7,Budalur,1818.7,10.7968,78.9769,2026-04-10,True
F-SYN-0389,Paddy,Other,Local,190.2,Kumbakonam,2550.0,10.9617,79.388,2026-06-21,True
F-SYN-0390,Paddy,Paddy,FAQ,38.5,Pattukottai,1841.19,10.425,79.314,2026-04-26,True
F-SYN-0391,Paddy,ADT 37,Local,70.4,Papanasam,1505.59,10.9252,79.2708,2026-01-01,True
F-SYN-0392,Paddy,B P T,FAQ,117.3,Kumbakonam,1600.54,10.9617,79.388,2026-04-06,True
F-SYN-0393,Paddy,Ponni,Local,97.0,Kumbakonam,1744.3,10.9617,79.388,2026-02-28,True
F-SYN-0394,Paddy,ADT 43,Local,26.6,Thanjavur,2198.47,10.787,79.1378,2026-02-17,True
F-SYN-0395,Paddy,ADT 37,Local,6.4,Thanjavur,2223.71,10.787,79.1378,2026-05-12,True
F-SYN-0396,Paddy,1001,FAQ,89.6,Thanjavur,1752.6,10.787,79.1378,2026-01-03,True
F-SYN-0397,Paddy,ADT 37,Local,37.4,Papanasam,1361.5,10.9252,79.2708,2026-03-10,True
F-SYN-0398,Paddy,1001,FAQ,60.1,Thiruppananthal,1361.5,,,2026-02-05,True
F-SYN-0399,Paddy,ADT 37,Local,79.2,Budalur,1902.68,10.7968,78.9769,2026-06-06,True
F-SYN-0400,Paddy,ADT 37,Local,195.1,Budalur,1847.84,10.7968,78.9769,2026-01-17,True
F-SYN-0401,Paddy,Paddy,FAQ,10.0,Kumbakonam,1850.51,10.9617,79.388,2026-03-25,True
F-SYN-0402,Paddy,I.R. 49,FAQ,69.6,Budalur,2021.86,10.7968,78.9769,2026-03-05,True
F-SYN-0403,Paddy,1001,FAQ,89.4,Thanjavur,1701.32,10.787,79.1378,2026-06-15,True
F-SYN-0404,Paddy,Ponni,Local,65.3,Vallam,1927.64,10.714,79.702,2026-02-11,True
F-SYN-0405,Paddy,B P T,FAQ,22.4,Papanasam,1774.71,10.9252,79.2708,2026-05-31,True
F-SYN-0406,Paddy,Paddy,FAQ,33.8,Pattukottai,1856.59,10.425,79.314,2026-03-19,True
F-SYN-0407,Paddy,Other,Local,57.5,Budalur,2550.0,10.7968,78.9769,2026-05-30,True
F-SYN-0408,Paddy,Paddy,FAQ,142.0,Thanjavur,1864.26,10.787,79.1378,2026-05-01,True
F-SYN-0409,Paddy,B P T,FAQ,24.8,Thiruppananthal,1926.9,,,2026-04-08,True
F-SYN-0410,Paddy,1001,FAQ,22.2,Budalur,1361.5,10.7968,78.9769,2026-03-13,True
F-SYN-0411,Paddy,B P T,FAQ,76.9,Thiruppananthal,1922.67,,,2026-04-13,True
F-SYN-0412,Paddy,Culture,FAQ,89.1,Kumbakonam,1617.13,10.9617,79.388,2026-04-16,True
F-SYN-0413,Paddy,1001,FAQ,25.4,Thanjavur,1794.76,10.787,79.1378,2026-05-01,True
F-SYN-0414,Paddy,ADT 43,Local,96.9,Thanjavur,2160.92,10.787,79.1378,2026-05-02,True
F-SYN-0415,Paddy,1001,FAQ,33.7,Kumbakonam,1615.98,10.9617,79.388,2026-04-09,True
F-SYN-0416,Paddy,1001,FAQ,33.4,Kumbakonam,1572.19,10.9617,79.388,2026-05-05,True
F-SYN-0417,Paddy,1001,FAQ,27.5,Thanjavur,1705.94,10.787,79.1378,2026-05-26,True
F-SYN-0418,Paddy,Ponni,Local,22.6,Budalur,1967.25,10.7968,78.9769,2026-01-26,True
F-SYN-0419,Paddy,B P T,FAQ,61.3,Vallam,1863.87,10.714,79.702,2026-05-01,True
F-SYN-0420,Paddy,B P T,FAQ,36.3,Budalur,1854.32,10.7968,78.9769,2026-05-23,True
F-SYN-0421,Paddy,Other,Local,21.1,Budalur,2550.0,10.7968,78.9769,2026-05-25,True
F-SYN-0422,Paddy,ADT 37,Local,50.5,Orathanadu,1989.64,10.628,79.2531,2026-04-15,True
F-SYN-0423,Paddy,Paddy,FAQ,22.4,Thanjavur,1769.53,10.787,79.1378,2026-06-29,True
F-SYN-0424,Paddy,1001,FAQ,87.9,Budalur,1684.7,10.7968,78.9769,2026-06-01,True
F-SYN-0425,Paddy,Culture,FAQ,95.1,Vallam,1846.17,10.714,79.702,2026-04-21,True
F-SYN-0426,Paddy,1001,FAQ,90.5,Kumbakonam,1463.43,10.9617,79.388,2026-06-21,True
F-SYN-0427,Paddy,ADT 43,Local,31.4,Vallam,1971.44,10.714,79.702,2026-04-20,True
F-SYN-0428,Paddy,B P T,FAQ,8.6,Thanjavur,1806.55,10.787,79.1378,2026-02-17,True
F-SYN-0429,Paddy,ADT 37,Local,72.4,Thanjavur,2239.54,10.787,79.1378,2026-04-15,True
F-SYN-0430,Paddy,Ponni,Local,184.7,Kumbakonam,1798.54,10.9617,79.388,2026-01-14,True
F-SYN-0431,Paddy,Culture,FAQ,99.9,Papanasam,1889.28,10.9252,79.2708,2026-01-02,True
F-SYN-0432,Paddy,Culture,FAQ,30.6,Budalur,1823.2,10.7968,78.9769,2026-01-22,True
F-SYN-0433,Paddy,Ponni,Local,42.4,Budalur,1918.73,10.7968,78.9769,2026-03-22,True
F-SYN-0434,Paddy,1001,FAQ,128.8,Papanasam,1361.5,10.9252,79.2708,2026-04-19,True
F-SYN-0435,Paddy,I.R. 49,FAQ,67.9,Thanjavur,2495.23,10.787,79.1378,2026-02-14,True
F-SYN-0436,Paddy,ADT 37,Local,89.6,Thiruppananthal,1835.06,,,2026-02-10,True
F-SYN-0437,Paddy,B P T,FAQ,6.6,Thanjavur,2163.68,10.787,79.1378,2026-02-04,True
F-SYN-0438,Paddy,Paddy,FAQ,54.0,Kumbakonam,1817.83,10.9617,79.388,2026-02-14,True
F-SYN-0439,Paddy,1001,FAQ,88.9,Budalur,1552.67,10.7968,78.9769,2026-03-16,True
F-SYN-0440,Paddy,ADT 43,Local,67.5,Thanjavur,2192.7,10.787,79.1378,2026-04-30,True
F-SYN-0441,Paddy,Other,Local,47.4,Kumbakonam,1872.97,10.9617,79.388,2026-06-02,True
F-SYN-0442,Paddy,B P T,FAQ,41.2,Papanasam,1880.46,10.9252,79.2708,2026-01-07,True
F-SYN-0443,Paddy,Ponni,Local,71.7,Budalur,1923.93,10.7968,78.9769,2026-04-08,True
F-SYN-0444,Paddy,1001,FAQ,53.3,Budalur,1720.06,10.7968,78.9769,2026-04-10,True
F-SYN-0445,Paddy,Culture,FAQ,39.3,Budalur,1786.28,10.7968,78.9769,2026-04-14,True
F-SYN-0446,Paddy,I.R. 49,FAQ,26.8,Papanasam,1628.74,10.9252,79.2708,2026-01-17,True
F-SYN-0447,Paddy,ADT 37,Local,137.9,Kumbakonam,1694.45,10.9617,79.388,2026-05-01,True
F-SYN-0448,Paddy,I.R. 49,FAQ,49.0,Vallam,1823.04,10.714,79.702,2026-06-17,True
F-SYN-0449,Paddy,ADT 37,Local,34.9,Orathanadu,1714.32,10.628,79.2531,2026-06-08,True
F-SYN-0450,Paddy,1001,FAQ,43.6,Thanjavur,1429.33,10.787,79.1378,2026-01-02,True
F-SYN-0451,Paddy,ADT 43,Local,75.7,Papanasam,1361.5,10.9252,79.2708,2026-04-15,True
F-SYN-0452,Paddy,ADT 37,Local,8.0,Papanasam,2151.04,10.9252,79.2708,2026-05-01,True
F-SYN-0453,Paddy,I.R. 49,FAQ,50.1,Budalur,2011.38,10.7968,78.9769,2026-05-01,True
F-SYN-0454,Paddy,ADT 43,Local,49.2,Kumbakonam,1829.91,10.9617,79.388,2026-05-25,True
F-SYN-0455,Paddy,ADT 37,Local,10.5,Thanjavur,2208.22,10.787,79.1378,2026-04-05,True
F-SYN-0456,Paddy,1001,FAQ,25.7,Budalur,1811.3,10.7968,78.9769,2026-05-25,True
F-SYN-0457,Paddy,Ponni,Local,51.0,Budalur,1829.09,10.7968,78.9769,2026-02-16,True
F-SYN-0458,Paddy,Culture,FAQ,79.2,Thanjavur,1843.26,10.787,79.1378,2026-06-18,True
F-SYN-0459,Paddy,ADT 37,Local,8.5,Thanjavur,2225.45,10.787,79.1378,2026-05-10,True
F-SYN-0460,Paddy,I.R. 49,FAQ,26.4,Budalur,1869.43,10.7968,78.9769,2026-01-11,True
F-SYN-0461,Paddy,Ponni,Local,68.4,Thiruppananthal,1820.25,,,2026-05-30,True
F-SYN-0462,Paddy,I.R. 49,FAQ,54.7,Budalur,1962.36,10.7968,78.9769,2026-01-18,True
F-SYN-0463,Paddy,1001,FAQ,7.8,Thanjavur,1628.88,10.787,79.1378,2026-05-18,True
F-SYN-0464,Paddy,Other,Local,29.8,Budalur,2240.67,10.7968,78.9769,2026-05-18,True
F-SYN-0465,Paddy,ADT 43,Local,31.0,Vallam,1898.37,10.714,79.702,2026-04-18,True
F-SYN-0466,Paddy,Culture,FAQ,76.1,Papanasam,2163.05,10.9252,79.2708,2026-01-26,True
F-SYN-0467,Paddy,Culture,FAQ,39.5,Kumbakonam,1805.39,10.9617,79.388,2026-01-24,True
F-SYN-0468,Paddy,Other,Local,37.3,Pattukottai,2278.94,10.425,79.314,2026-02-03,True
F-SYN-0469,Paddy,Culture,FAQ,78.6,Thanjavur,1934.26,10.787,79.1378,2026-05-04,True
F-SYN-0470,Paddy,Ponni,Local,76.9,Budalur,1884.56,10.7968,78.9769,2026-01-18,True
F-SYN-0471,Paddy,Culture,FAQ,25.9,Orathanadu,1818.77,10.628,79.2531,2026-05-26,True
F-SYN-0472,Paddy,B P T,FAQ,50.9,Budalur,1853.8,10.7968,78.9769,2026-03-09,True
F-SYN-0473,Paddy,1001,FAQ,83.4,Thanjavur,1810.48,10.787,79.1378,2026-01-18,True
F-SYN-0474,Paddy,Paddy,FAQ,12.8,Vallam,1829.1,10.714,79.702,2026-04-21,True
F-SYN-0475,Paddy,ADT 43,Local,12.2,Budalur,1901.66,10.7968,78.9769,2026-03-26,True
F-SYN-0476,Paddy,Culture,FAQ,97.9,Papanasam,2279.89,10.9252,79.2708,2026-06-08,True
F-SYN-0477,Paddy,Ponni,Local,10.9,Orathanadu,1534.53,10.628,79.2531,2026-06-19,True
F-SYN-0478,Paddy,Ponni,Local,59.9,Budalur,1932.99,10.7968,78.9769,2026-05-18,True
F-SYN-0479,Paddy,B P T,FAQ,29.9,Thanjavur,2169.32,10.787,79.1378,2026-04-18,True
F-SYN-0480,Paddy,I.R. 49,FAQ,14.5,Orathanadu,1938.04,10.628,79.2531,2026-01-29,True
F-SYN-0481,Paddy,Ponni,Local,11.8,Budalur,1855.04,10.7968,78.9769,2026-02-19,True
F-SYN-0482,Paddy,Culture,FAQ,109.8,Budalur,1831.39,10.7968,78.9769,2026-06-20,True
F-SYN-0483,Paddy,ADT 43,Local,32.2,Budalur,1964.52,10.7968,78.9769,2026-01-07,True
F-SYN-0484,Paddy,B P T,FAQ,78.4,Kumbakonam,1682.27,10.9617,79.388,2026-06-30,True
F-SYN-0485,Paddy,1001,FAQ,25.9,Thanjavur,1361.5,10.787,79.1378,2026-02-24,True
F-SYN-0486,Paddy,B P T,FAQ,37.1,Budalur,1796.68,10.7968,78.9769,2026-03-02,True
F-SYN-0487,Paddy,Other,Local,76.0,Kumbakonam,2283.37,10.9617,79.388,2026-01-12,True
F-SYN-0488,Paddy,Other,Local,167.2,Budalur,1877.83,10.7968,78.9769,2026-01-14,True
F-SYN-0489,Paddy,I.R. 49,FAQ,61.9,Thanjavur,2358.04,10.787,79.1378,2026-05-07,True
F-SYN-0490,Paddy,1001,FAQ,7.0,Orathanadu,1566.91,10.628,79.2531,2026-02-16,True
F-SYN-0491,Paddy,Ponni,Local,11.8,Budalur,1855.35,10.7968,78.9769,2026-04-20,True
F-SYN-0492,Paddy,1001,FAQ,45.6,Papanasam,1728.46,10.9252,79.2708,2026-04-28,True
F-SYN-0493,Paddy,I.R. 49,FAQ,164.9,Budalur,1875.57,10.7968,78.9769,2026-04-06,True
F-SYN-0494,Paddy,Ponni,Local,17.3,Kumbakonam,1688.79,10.9617,79.388,2026-01-12,True
F-SYN-0495,Paddy,Ponni,Local,61.3,Thanjavur,2188.94,10.787,79.1378,2026-04-21,True
F-SYN-0496,Paddy,1001,FAQ,81.7,Budalur,1607.92,10.7968,78.9769,2026-02-19,True
F-SYN-0497,Paddy,Paddy,FAQ,69.0,Budalur,1767.84,10.7968,78.9769,2026-01-31,True
F-SYN-0498,Paddy,B P T,FAQ,38.4,Budalur,1429.71,10.7968,78.9769,2026-01-19,True
F-SYN-0499,Paddy,ADT 43,Local,95.1,Budalur,1361.5,10.7968,78.9769,2026-05-23,True
F-SYN-0500,Paddy,ADT 43,Local,68.4,Budalur,1907.89,10.7968,78.9769,2026-03-04,True
