date,market,split,actual,Naive Last Value,Random Forest,XGBoost,Moving Average,_actual,_pred_Naive Last Value,_pred_Moving Average,_pred_Random Forest,_pred_XGBoost,Naive Last Value_error,Naive Last Value_absolute_error,Naive Last Value_percentage_error,Moving Average_error,Moving Average_absolute_error,Moving Average_percentage_error,Random Forest_error,Random Forest_absolute_error,Random Forest_percentage_error,XGBoost_error,XGBoost_absolute_error,XGBoost_percentage_error
2024-01-03,Budalur,validation,1850,1850.0,1864.528,1854.9554443359373,,1850,1850.0,,1864.528,1854.9554443359373,0.0,0.0,0.0,,,,14.52800000000002,14.52800000000002,0.7852972972972984,4.955444335937273,4.955444335937273,0.26786185599660933
2024-01-04,Budalur,validation,1850,1850.0,1865.036,1851.00830078125,,1850,1850.0,,1865.036,1851.00830078125,0.0,0.0,0.0,,,,15.036000000000058,15.036000000000058,0.81275675675676,1.00830078125,1.00830078125,0.05450274493243243
2024-01-05,Budalur,validation,1850,1850.0,1865.328,1849.2454833984373,,1850,1850.0,,1865.328,1849.2454833984373,0.0,0.0,0.0,,,,15.327999999999975,15.327999999999975,0.8285405405405393,-0.7545166015627274,0.7545166015627274,0.04078468116555283
2024-01-08,Budalur,validation,1850,1850.0,1868.632,1847.1993408203125,,1850,1850.0,,1868.632,1847.1993408203125,0.0,0.0,0.0,,,,18.632000000000062,18.632000000000062,1.0071351351351385,-2.8006591796875,2.8006591796875,0.15138698268581083
2024-01-09,Budalur,validation,1850,1850.0,1868.292,1854.28173828125,,1850,1850.0,,1868.292,1854.28173828125,0.0,0.0,0.0,,,,18.291999999999916,18.291999999999916,0.9887567567567522,4.28173828125,4.28173828125,0.2314453125
2024-01-10,Budalur,validation,1850,1850.0,1868.92,1854.361572265625,,1850,1850.0,,1868.92,1854.361572265625,0.0,0.0,0.0,,,,18.920000000000073,18.920000000000073,1.0227027027027067,4.361572265625,4.361572265625,0.23576066300675674
2024-01-11,Budalur,validation,1850,1850.0,1868.96,1851.5313720703125,,1850,1850.0,,1868.96,1851.5313720703125,0.0,0.0,0.0,,,,18.960000000000036,18.960000000000036,1.0248648648648668,1.5313720703125,1.5313720703125,0.08277686866554054
2024-01-12,Budalur,validation,1850,1850.0,1869.964,1849.8079833984373,,1850,1850.0,,1869.964,1849.8079833984373,0.0,0.0,0.0,,,,19.963999999999942,19.963999999999942,1.0791351351351322,-0.19201660156272737,0.19201660156272737,0.010379275760147426
2024-01-18,Budalur,validation,1850,1850.0,1869.776,1847.3333740234373,,1850,1850.0,,1869.776,1847.3333740234373,0.0,0.0,0.0,,,,19.776000000000067,19.776000000000067,1.0689729729729767,-2.6666259765627274,2.6666259765627274,0.14414194467906635
2024-01-19,Budalur,validation,1850,1850.0,1869.716,1847.811767578125,,1850,1850.0,,1869.716,1847.811767578125,0.0,0.0,0.0,,,,19.715999999999894,19.715999999999894,1.0657297297297241,-2.188232421875,2.188232421875,0.11828283361486486
2024-01-22,Budalur,validation,1850,1850.0,1869.88,1849.7589111328125,,1850,1850.0,,1869.88,1849.7589111328125,0.0,0.0,0.0,,,,19.88000000000011,19.88000000000011,1.0745945945946005,-0.2410888671875,0.2410888671875,0.013031830658783784
2024-01-23,Budalur,validation,1850,1850.0,1869.364,1849.97021484375,,1850,1850.0,,1869.364,1849.97021484375,0.0,0.0,0.0,,,,19.364000000000033,19.364000000000033,1.0467027027027045,-0.02978515625,0.02978515625,0.0016100084459459462
2024-01-24,Budalur,validation,1850,1850.0,1868.78,1850.2401123046875,,1850,1850.0,,1868.78,1850.2401123046875,0.0,0.0,0.0,,,,18.779999999999973,18.779999999999973,1.0151351351351336,0.2401123046875,0.2401123046875,0.012979043496621621
2024-01-29,Budalur,validation,1850,1850.0,1868.664,1848.8267822265625,,1850,1850.0,,1868.664,1848.8267822265625,0.0,0.0,0.0,,,,18.663999999999987,18.663999999999987,1.0088648648648642,-1.1732177734375,1.1732177734375,0.06341717694256756
2024-01-31,Budalur,validation,1850,1850.0,1869.144,1848.03466796875,,1850,1850.0,,1869.144,1848.03466796875,0.0,0.0,0.0,,,,19.144000000000005,19.144000000000005,1.0348108108108112,-1.96533203125,1.96533203125,0.10623416385135136
2024-02-01,Budalur,validation,1850,1850.0,1869.744,1845.7772216796875,,1850,1850.0,,1869.744,1845.7772216796875,0.0,0.0,0.0,,,,19.743999999999915,19.743999999999915,1.0672432432432386,-4.2227783203125,4.2227783203125,0.22825828758445948
2024-02-02,Budalur,validation,1850,1850.0,1869.928,1848.76416015625,,1850,1850.0,,1869.928,1848.76416015625,0.0,0.0,0.0,,,,19.92800000000011,19.92800000000011,1.0771891891891952,-1.23583984375,1.23583984375,0.06680215371621621
2024-02-05,Budalur,validation,1850,1850.0,1869.544,1848.774658203125,,1850,1850.0,,1869.544,1848.774658203125,0.0,0.0,0.0,,,,19.544000000000096,19.544000000000096,1.0564324324324377,-1.225341796875,1.225341796875,0.06623469172297297
2024-02-06,Budalur,validation,1850,1850.0,1869.944,1848.194091796875,,1850,1850.0,,1869.944,1848.194091796875,0.0,0.0,0.0,,,,19.94399999999996,19.94399999999996,1.0780540540540517,-1.805908203125,1.805908203125,0.09761665962837837
2024-02-07,Budalur,validation,1850,1850.0,1869.564,1848.5234375,,1850,1850.0,,1869.564,1848.5234375,0.0,0.0,0.0,,,,19.564000000000078,19.564000000000078,1.0575135135135176,-1.4765625,1.4765625,0.07981418918918919
2024-02-08,Budalur,validation,1850,1850.0,1869.364,1847.7637939453125,,1850,1850.0,,1869.364,1847.7637939453125,0.0,0.0,0.0,,,,19.364000000000033,19.364000000000033,1.0467027027027045,-2.2362060546875,2.2362060546875,0.12087600295608107
2024-02-09,Budalur,validation,1850,1850.0,1870.288,1847.3397216796875,,1850,1850.0,,1870.288,1847.3397216796875,0.0,0.0,0.0,,,,20.28800000000001,20.28800000000001,1.0966486486486493,-2.6602783203125,2.6602783203125,0.143798828125
2024-02-10,Budalur,validation,1850,1850.0,1869.744,1842.4056396484373,,1850,1850.0,,1869.744,1842.4056396484373,0.0,0.0,0.0,,,,19.743999999999915,19.743999999999915,1.0672432432432386,-7.594360351562727,7.594360351562727,0.41050596494933667
2024-02-12,Budalur,validation,1850,1850.0,1869.644,1847.787109375,,1850,1850.0,,1869.644,1847.787109375,0.0,0.0,0.0,,,,19.644000000000005,19.644000000000005,1.0618378378378381,-2.212890625,2.212890625,0.11961570945945946
2024-02-13,Budalur,validation,1850,1850.0,1870.408,1849.324951171875,,1850,1850.0,,1870.408,1849.324951171875,0.0,0.0,0.0,,,,20.4079999999999,20.4079999999999,1.10313513513513,-0.675048828125,0.675048828125,0.03648912584459459
2024-02-14,Budalur,validation,1850,1850.0,1869.608,1849.74365234375,,1850,1850.0,,1869.608,1849.74365234375,0.0,0.0,0.0,,,,19.607999999999947,19.607999999999947,1.0598918918918891,-0.25634765625,0.25634765625,0.013856630067567568
2024-02-15,Budalur,validation,1850,1850.0,1870.208,1852.463623046875,,1850,1850.0,,1870.208,1852.463623046875,0.0,0.0,0.0,,,,20.208000000000084,20.208000000000084,1.092324324324329,2.463623046875,2.463623046875,0.13316881334459457
2024-02-16,Budalur,validation,1850,1850.0,1870.196,1849.865234375,,1850,1850.0,,1870.196,1849.865234375,0.0,0.0,0.0,,,,20.195999999999913,20.195999999999913,1.091675675675671,-0.134765625,0.134765625,0.0072846283783783786
2024-02-19,Budalur,validation,1850,1850.0,1869.896,1846.6328125,,1850,1850.0,,1869.896,1846.6328125,0.0,0.0,0.0,,,,19.895999999999958,19.895999999999958,1.0754594594594573,-3.3671875,3.3671875,0.18201013513513514
2024-02-22,Budalur,validation,1850,1850.0,1870.008,1849.8094482421875,,1850,1850.0,,1870.008,1849.8094482421875,0.0,0.0,0.0,,,,20.008000000000038,20.008000000000038,1.0815135135135157,-0.1905517578125,0.1905517578125,0.010300095016891893
2024-02-23,Budalur,validation,1850,1850.0,1870.772,1848.201416015625,,1850,1850.0,,1870.772,1848.201416015625,0.0,0.0,0.0,,,,20.771999999999935,20.771999999999935,1.1228108108108072,-1.798583984375,1.798583984375,0.09722075591216216
2024-02-26,Budalur,validation,1850,1850.0,1873.892,1853.9892578125,,1850,1850.0,,1873.892,1853.9892578125,0.0,0.0,0.0,,,,23.892000000000053,23.892000000000053,1.2914594594594624,3.9892578125,3.9892578125,0.21563555743243243
2024-02-27,Budalur,validation,1850,1850.0,1869.364,1850.931640625,,1850,1850.0,,1869.364,1850.931640625,0.0,0.0,0.0,,,,19.364000000000033,19.364000000000033,1.0467027027027045,0.931640625,0.931640625,0.0503589527027027
2024-02-28,Budalur,validation,1850,1850.0,1871.724,1853.92333984375,,1850,1850.0,,1871.724,1853.92333984375,0.0,0.0,0.0,,,,21.723999999999933,21.723999999999933,1.1742702702702665,3.92333984375,3.92333984375,0.2120724239864865
2024-02-29,Budalur,validation,1850,1850.0,1870.128,1852.531005859375,,1850,1850.0,,1870.128,1852.531005859375,0.0,0.0,0.0,,,,20.12799999999993,20.12799999999993,1.087999999999996,2.531005859375,2.531005859375,0.13681112753378377
2024-03-01,Budalur,validation,1850,1850.0,1874.152,1851.5546875,,1850,1850.0,,1874.152,1851.5546875,0.0,0.0,0.0,,,,24.152000000000044,24.152000000000044,1.3055135135135159,1.5546875,1.5546875,0.08403716216216216
2024-03-04,Budalur,validation,1850,1850.0,1873.444,1852.9615478515625,,1850,1850.0,,1873.444,1852.9615478515625,0.0,0.0,0.0,,,,23.44399999999996,23.44399999999996,1.267243243243241,2.9615478515625,2.9615478515625,0.16008366765202703
2024-03-07,Budalur,validation,1850,1850.0,1873.144,1852.0960693359373,,1850,1850.0,,1873.144,1852.0960693359373,0.0,0.0,0.0,,,,23.144000000000005,23.144000000000005,1.2510270270270274,2.0960693359372726,2.0960693359372726,0.1133010451857985
2024-03-14,Budalur,validation,1850,1850.0,1872.632,1853.806396484375,,1850,1850.0,,1872.632,1853.806396484375,0.0,0.0,0.0,,,,22.632000000000062,22.632000000000062,1.2233513513513548,3.806396484375,3.806396484375,0.20575116131756757
2024-03-19,Budalur,validation,1850,1850.0,1875.692,1853.0164794921875,,1850,1850.0,,1875.692,1853.0164794921875,0.0,0.0,0.0,,,,25.692000000000007,25.692000000000007,1.3887567567567571,3.0164794921875,3.0164794921875,0.16305294552364866
2024-03-20,Budalur,validation,1850,1850.0,1873.74,1849.12255859375,,1850,1850.0,,1873.74,1849.12255859375,0.0,0.0,0.0,,,,23.74000000000001,23.74000000000001,1.2832432432432437,-0.87744140625,0.87744140625,0.0474292652027027
2024-03-21,Budalur,validation,1850,1850.0,1875.896,1854.78857421875,,1850,1850.0,,1875.896,1854.78857421875,0.0,0.0,0.0,,,,25.895999999999958,25.895999999999958,1.3997837837837817,4.78857421875,4.78857421875,0.25884184966216217
2024-04-29,Budalur,validation,2000,1850.0,2227.73,2302.87060546875,,2000,1850.0,,2227.73,2302.87060546875,-150.0,150.0,7.5,,,,227.73000000000002,227.73000000000002,11.386500000000002,302.87060546875,302.87060546875,15.1435302734375
2024-04-30,Budalur,validation,2000,2000.0,2100.936,2134.985107421875,,2000,2000.0,,2100.936,2134.985107421875,0.0,0.0,0.0,,,,100.93600000000015,100.93600000000015,5.046800000000007,134.985107421875,134.985107421875,6.74925537109375
2024-05-06,Budalur,validation,1900,2000.0,1894.472,1925.551025390625,,1900,2000.0,,1894.472,1925.551025390625,100.0,100.0,5.263157894736842,,,,-5.52800000000002,5.52800000000002,0.2909473684210537,25.551025390625,25.551025390625,1.3447908100328947
2024-05-07,Budalur,validation,2010,1900.0,1991.818,1998.0780029296875,,2010,1900.0,,1991.818,1998.0780029296875,-110.0,110.0,5.472636815920398,,,,-18.182000000000016,18.182000000000016,0.9045771144278615,-11.9219970703125,11.9219970703125,0.593134182602612
2024-05-08,Budalur,validation,2040,2010.0,1990.404,2007.13818359375,,2040,2010.0,,1990.404,2007.13818359375,-30.0,30.0,1.4705882352941175,,,,-49.596000000000004,49.596000000000004,2.4311764705882357,-32.86181640625,32.86181640625,1.610873353247549
2024-05-09,Budalur,validation,2090,2040.0,1921.35,1952.7933349609373,,2090,2040.0,,1921.35,1952.7933349609373,-50.0,50.0,2.3923444976076556,,,,-168.6500000000001,168.6500000000001,8.069377990430626,-137.20666503906273,137.20666503906273,6.564912202825967
2024-05-24,Budalur,validation,2000,2090.0,1937.47,1996.5009765625,,2000,2090.0,,1937.47,1996.5009765625,90.0,90.0,4.5,,,,-62.52999999999997,62.52999999999997,3.1264999999999987,-3.4990234375,3.4990234375,0.174951171875
2024-05-29,Budalur,validation,2050,2000.0,2235.15,2298.77001953125,,2050,2000.0,,2235.15,2298.77001953125,-50.0,50.0,2.4390243902439024,,,,185.1500000000001,185.1500000000001,9.031707317073174,248.77001953125,248.77001953125,12.135122903963415
2024-05-29,Vallam,validation,2200,2300.0,2409.52,2411.404541015625,,2200,2300.0,,2409.52,2411.404541015625,100.0,100.0,4.545454545454546,,,,209.51999999999998,209.51999999999998,9.523636363636363,211.404541015625,211.404541015625,9.609297318892047
2024-05-30,Budalur,validation,1950,2050.0,2235.502,2281.439208984375,,1950,2050.0,,2235.502,2281.439208984375,100.0,100.0,5.128205128205128,,,,285.50199999999995,285.50199999999995,14.641128205128204,331.439208984375,331.439208984375,16.996882512019234
2024-05-31,Budalur,validation,1950,1950.0,2236.09,2289.950439453125,,1950,1950.0,,2236.09,2289.950439453125,0.0,0.0,0.0,,,,286.09000000000015,286.09000000000015,14.67128205128206,339.950439453125,339.950439453125,17.433355869391026
2024-05-31,Kumbakonam,validation,1500,1800.0,1537.77,1572.28955078125,,1500,1800.0,,1537.77,1572.28955078125,300.0,300.0,20.0,,,,37.76999999999998,37.76999999999998,2.517999999999999,72.28955078125,72.28955078125,4.819303385416666
2024-06-01,Budalur,validation,1950,1950.0,2235.05,2368.669189453125,,1950,1950.0,,2235.05,2368.669189453125,0.0,0.0,0.0,,,,285.0500000000002,285.0500000000002,14.617948717948728,418.669189453125,418.669189453125,21.47021484375
2024-06-02,Budalur,validation,1950,1950.0,2244.99,2355.324951171875,,1950,1950.0,,2244.99,2355.324951171875,0.0,0.0,0.0,,,,294.9899999999998,294.9899999999998,15.127692307692298,405.324951171875,405.324951171875,20.785894931891026
2024-06-03,Budalur,validation,1950,1950.0,2242.476,2304.95654296875,,1950,1950.0,,2242.476,2304.95654296875,0.0,0.0,0.0,,,,292.4760000000001,292.4760000000001,14.998769230769238,354.95654296875,354.95654296875,18.202899639423077
2024-06-03,Kumbakonam,validation,1500,1500.0,1521.91,1544.9351806640625,,1500,1500.0,,1521.91,1544.9351806640625,0.0,0.0,0.0,,,,21.910000000000082,21.910000000000082,1.460666666666672,44.9351806640625,44.9351806640625,2.9956787109375003
2024-06-04,Budalur,validation,1900,1950.0,2258.38,2275.91015625,,1900,1950.0,,2258.38,2275.91015625,50.0,50.0,2.631578947368421,,,,358.3800000000001,358.3800000000001,18.8621052631579,375.91015625,375.91015625,19.784745065789476
2024-06-05,Budalur,validation,1900,1900.0,2250.48,2268.549072265625,,1900,1900.0,,2250.48,2268.549072265625,0.0,0.0,0.0,,,,350.48,350.48,18.446315789473687,368.549072265625,368.549072265625,19.39731959292763
2024-06-05,Kumbakonam,validation,1500,1500.0,1517.84,1538.5126953125,,1500,1500.0,,1517.84,1538.5126953125,0.0,0.0,0.0,,,,17.839999999999918,17.839999999999918,1.1893333333333278,38.5126953125,38.5126953125,2.567513020833333
2024-06-05,Thanjavur,validation,2300,2000.0,2271.16,2260.09814453125,,2300,2000.0,,2271.16,2260.09814453125,-300.0,300.0,13.043478260869565,,,,-28.840000000000146,28.840000000000146,1.2539130434782673,-39.90185546875,39.90185546875,1.73486328125
2024-06-06,Budalur,validation,1900,1900.0,2254.324,2255.568115234375,,1900,1900.0,,2254.324,2255.568115234375,0.0,0.0,0.0,,,,354.32400000000007,354.32400000000007,18.648631578947374,355.568115234375,355.568115234375,18.714111328125
2024-06-06,Kumbakonam,validation,1500,1500.0,1534.35,1539.901123046875,,1500,1500.0,,1534.35,1539.901123046875,0.0,0.0,0.0,,,,34.34999999999991,34.34999999999991,2.289999999999994,39.901123046875,39.901123046875,2.6600748697916665
2024-06-06,Thanjavur,validation,2200,2300.0,2181.76,2182.76806640625,,2200,2300.0,,2181.76,2182.76806640625,100.0,100.0,4.545454545454546,,,,-18.23999999999978,18.23999999999978,0.8290909090908991,-17.23193359375,17.23193359375,0.7832697088068182
2024-06-07,Budalur,validation,1900,1900.0,2257.252,2266.45947265625,,1900,1900.0,,2257.252,2266.45947265625,0.0,0.0,0.0,,,,357.25199999999995,357.25199999999995,18.80273684210526,366.45947265625,366.45947265625,19.28734066611842
2024-06-07,Orathanadu,validation,1900,2000.0,2258.932,2249.313720703125,,1900,2000.0,,2258.932,2249.313720703125,100.0,100.0,5.263157894736842,,,,358.9319999999998,358.9319999999998,18.891157894736832,349.313720703125,349.313720703125,18.384932668585527
2024-06-07,Thanjavur,validation,2200,2200.0,2175.48,2193.012451171875,,2200,2200.0,,2175.48,2193.012451171875,0.0,0.0,0.0,,,,-24.519999999999982,24.519999999999982,1.1145454545454536,-6.987548828125,6.987548828125,0.31761585582386365
2024-06-10,Budalur,validation,1900,1900.0,2245.028,2255.967529296875,,1900,1900.0,,2245.028,2255.967529296875,0.0,0.0,0.0,,,,345.0279999999998,345.0279999999998,18.159368421052623,355.967529296875,355.967529296875,18.735133120888158
2024-06-11,Budalur,validation,2320,1900.0,2365.98,2367.9970703125,,2320,1900.0,,2365.98,2367.9970703125,-420.0,420.0,18.103448275862068,,,,45.98000000000002,45.98000000000002,1.9818965517241387,47.9970703125,47.9970703125,2.0688392376077585
2024-06-11,Thanjavur,validation,2350,2200.0,2376.54,2387.774658203125,,2350,2200.0,,2376.54,2387.774658203125,-150.0,150.0,6.382978723404255,,,,26.539999999999964,26.539999999999964,1.129361702127658,37.774658203125,37.774658203125,1.6074322639627658
2024-06-12,Budalur,validation,1850,2320.0,2264.88,2253.267333984375,,1850,2320.0,,2264.88,2253.267333984375,470.0,470.0,25.405405405405407,,,,414.8800000000001,414.8800000000001,22.42594594594595,403.267333984375,403.267333984375,21.798234269425677
2024-06-12,Kumbakonam,validation,2500,1500.0,2495.6,2565.06884765625,,2500,1500.0,,2495.6,2565.06884765625,-1000.0,1000.0,40.0,,,,-4.400000000000091,4.400000000000091,0.17600000000000363,65.06884765625,65.06884765625,2.6027539062500002
2024-06-12,Orathanadu,validation,2200,1900.0,2120.168,2161.302001953125,,2200,1900.0,,2120.168,2161.302001953125,-300.0,300.0,13.636363636363635,,,,-79.83199999999988,79.83199999999988,3.6287272727272675,-38.697998046875,38.697998046875,1.7589999112215908
2024-06-12,Thanjavur,validation,2350,2350.0,2386.04,2391.56005859375,,2350,2350.0,,2386.04,2391.56005859375,0.0,0.0,0.0,,,,36.039999999999964,36.039999999999964,1.5336170212765943,41.56005859375,41.56005859375,1.7685131316489362
2024-06-13,Budalur,validation,1850,1850.0,2258.644,2241.718994140625,,1850,1850.0,,2258.644,2241.718994140625,0.0,0.0,0.0,,,,408.6439999999998,408.6439999999998,22.088864864864853,391.718994140625,391.718994140625,21.173999683277028
2024-06-13,Orathanadu,validation,2200,2200.0,2067.372,2100.1669921875,,2200,2200.0,,2067.372,2100.1669921875,0.0,0.0,0.0,,,,-132.62800000000016,132.62800000000016,6.028545454545461,-99.8330078125,99.8330078125,4.5378639914772725
2024-06-13,Thanjavur,validation,1900,2350.0,2273.02,2244.469970703125,,1900,2350.0,,2273.02,2244.469970703125,450.0,450.0,23.684210526315788,,,,373.02,373.02,19.632631578947368,344.469970703125,344.469970703125,18.12999845805921
2024-06-14,Budalur,validation,2320,1850.0,2367.66,2354.320556640625,,2320,1850.0,,2367.66,2354.320556640625,-470.0,470.0,20.25862068965517,,,,47.659999999999854,47.659999999999854,2.05431034482758,34.320556640625,34.320556640625,1.4793343379579742
2024-06-14,Orathanadu,validation,2200,2200.0,2113.736,2192.13525390625,,2200,2200.0,,2113.736,2192.13525390625,0.0,0.0,0.0,,,,-86.26400000000012,86.26400000000012,3.921090909090915,-7.86474609375,7.86474609375,0.3574884588068182
2024-06-14,Thanjavur,validation,3000,1900.0,2495.0,2513.5888671875,,3000,1900.0,,2495.0,2513.5888671875,-1100.0,1100.0,36.666666666666664,,,,-505.0,505.0,16.833333333333332,-486.4111328125,486.4111328125,16.213704427083332
2024-06-18,Budalur,validation,2200,2320.0,2382.6,2344.822265625,,2200,2320.0,,2382.6,2344.822265625,120.0,120.0,5.454545454545454,,,,182.5999999999999,182.5999999999999,8.299999999999997,144.822265625,144.822265625,6.582830255681818
2024-06-18,Orathanadu,validation,2200,2200.0,2117.252,2193.8544921875,,2200,2200.0,,2117.252,2193.8544921875,0.0,0.0,0.0,,,,-82.74800000000005,82.74800000000005,3.76127272727273,-6.1455078125,6.1455078125,0.27934126420454547
2024-06-18,Thanjavur,validation,1600,2000.0,1533.42,1668.240966796875,,1600,2000.0,,1533.42,1668.240966796875,400.0,400.0,25.0,,,,-66.57999999999993,66.57999999999993,4.1612499999999955,68.240966796875,68.240966796875,4.2650604248046875
2024-06-18,Thanjavur,validation,2000,3000.0,2046.58,2028.8216552734373,,2000,3000.0,,2046.58,2028.8216552734373,1000.0,1000.0,50.0,,,,46.57999999999993,46.57999999999993,2.328999999999996,28.821655273437273,28.821655273437273,1.4410827636718635
2024-06-19,Thanjavur,validation,1650,1600.0,1546.14,1667.8736572265625,,1650,1600.0,,1546.14,1667.8736572265625,-50.0,50.0,3.0303030303030303,,,,-103.8599999999999,103.8599999999999,6.294545454545449,17.8736572265625,17.8736572265625,1.083251953125
2024-06-21,Budalur,validation,2350,2200.0,2373.84,2390.35009765625,,2350,2200.0,,2373.84,2390.35009765625,-150.0,150.0,6.382978723404255,,,,23.840000000000146,23.840000000000146,1.0144680851063892,40.35009765625,40.35009765625,1.717025432180851
2024-07-04,Kumbakonam,validation,2100,2500.0,2128.818,2147.578857421875,,2100,2500.0,,2128.818,2147.578857421875,400.0,400.0,19.047619047619047,,,,28.81800000000021,28.81800000000021,1.3722857142857243,47.578857421875,47.578857421875,2.265659877232143
2024-07-05,Papanasam,validation,2200,1700.0,2096.126,2222.516357421875,,2200,1700.0,,2096.126,2222.516357421875,-500.0,500.0,22.727272727272727,,,,-103.8739999999998,103.8739999999998,4.721545454545445,22.516357421875,22.516357421875,1.0234707919034092
2024-07-05,Thanjavur,validation,2300,1650.0,2387.5,2358.69677734375,,2300,1650.0,,2387.5,2358.69677734375,-650.0,650.0,28.26086956521739,,,,87.5,87.5,3.804347826086957,58.69677734375,58.69677734375,2.552033797554348
2024-07-13,Papanasam,validation,3500,2200.0,2570.22,2609.611572265625,,3500,2200.0,,2570.22,2609.611572265625,-1300.0,1300.0,37.142857142857146,,,,-929.7800000000002,929.7800000000002,26.565142857142867,-890.388427734375,890.388427734375,25.439669363839286
2024-07-15,Orathanadu,validation,2500,2200.0,2450.38,2550.645263671875,,2500,2200.0,,2450.38,2550.645263671875,-300.0,300.0,12.0,,,,-49.61999999999989,49.61999999999989,1.9847999999999957,50.645263671875,50.645263671875,2.025810546875
2024-07-18,Thanjavur,validation,2000,2300.0,2137.16,2139.864501953125,,2000,2300.0,,2137.16,2139.864501953125,300.0,300.0,15.0,,,,137.15999999999985,137.15999999999985,6.857999999999993,139.864501953125,139.864501953125,6.99322509765625
2024-07-18,Vallam,validation,2300,2200.0,2292.76,2332.265625,,2300,2200.0,,2292.76,2332.265625,-100.0,100.0,4.3478260869565215,,,,-7.239999999999782,7.239999999999782,0.3147826086956427,32.265625,32.265625,1.4028532608695652
2024-07-19,Budalur,validation,2375,2350.0,2425.84,2394.736328125,,2375,2350.0,,2425.84,2394.736328125,-25.0,25.0,1.0526315789473684,,,,50.840000000000146,50.840000000000146,2.1406315789473744,19.736328125,19.736328125,0.8310032894736842
2024-07-22,Pattukottai,validation,1800,1800.0,1800.9,1818.085693359375,,1800,1800.0,,1800.9,1818.085693359375,0.0,0.0,0.0,,,,0.900000000000091,0.900000000000091,0.050000000000005054,18.085693359375,18.085693359375,1.0047607421875
2024-07-22,Vallam,validation,2300,2300.0,2415.08,2434.356201171875,,2300,2300.0,,2415.08,2434.356201171875,0.0,0.0,0.0,,,,115.07999999999993,115.07999999999993,5.003478260869562,134.356201171875,134.356201171875,5.841573963994565
2024-07-23,Thanjavur,validation,2250,2000.0,2386.74,2373.095703125,,2250,2000.0,,2386.74,2373.095703125,-250.0,250.0,11.11111111111111,,,,136.73999999999978,136.73999999999978,6.077333333333323,123.095703125,123.095703125,5.470920138888889
2024-07-31,Pattukottai,validation,1400,1800.0,1512.048,1475.269775390625,,1400,1800.0,,1512.048,1475.269775390625,400.0,400.0,28.57142857142857,,,,112.048,112.048,8.003428571428572,75.269775390625,75.269775390625,5.3764125279017865
2024-08-01,Papanasam,validation,2400,3500.0,2374.38,2449.413330078125,,2400,3500.0,,2374.38,2449.413330078125,1100.0,1100.0,45.83333333333333,,,,-25.61999999999989,25.61999999999989,1.0674999999999955,49.413330078125,49.413330078125,2.058888753255208
2024-08-02,Pattukottai,validation,1400,1400.0,1522.754,1503.97265625,,1400,1400.0,,1522.754,1503.97265625,0.0,0.0,0.0,,,,122.7539999999999,122.7539999999999,8.76814285714285,103.97265625,103.97265625,7.426618303571429
2024-08-12,Thanjavur,validation,2275,2250.0,2270.0,2249.699462890625,,2275,2250.0,,2270.0,2249.699462890625,-25.0,25.0,1.098901098901099,,,,-5.0,5.0,0.21978021978021978,-25.300537109375,25.300537109375,1.1121115212912087
2024-08-12,Vallam,validation,2300,2300.0,2296.46,2361.061767578125,,2300,2300.0,,2296.46,2361.061767578125,0.0,0.0,0.0,,,,-3.5399999999999636,3.5399999999999636,0.1539130434782593,61.061767578125,61.061767578125,2.6548594599184785
2024-08-13,Vallam,validation,2300,2300.0,2292.56,2348.494140625,,2300,2300.0,,2292.56,2348.494140625,0.0,0.0,0.0,,,,-7.440000000000055,7.440000000000055,0.32347826086956755,48.494140625,48.494140625,2.1084408967391304
2024-08-14,Vallam,validation,2300,2300.0,2294.16,2387.68896484375,,2300,2300.0,,2294.16,2387.68896484375,0.0,0.0,0.0,,,,-5.8400000000001455,5.8400000000001455,0.25391304347826715,87.68896484375,87.68896484375,3.812563688858696
2024-08-16,Vallam,validation,2300,2300.0,2289.66,2358.892333984375,,2300,2300.0,,2289.66,2358.892333984375,0.0,0.0,0.0,,,,-10.340000000000146,10.340000000000146,0.4495652173913107,58.892333984375,58.892333984375,2.5605362601902173
2024-08-20,Pattukottai,validation,2300,1400.0,2229.2,2315.8076171875,,2300,1400.0,,2229.2,2315.8076171875,-900.0,900.0,39.130434782608695,,,,-70.80000000000018,70.80000000000018,3.0782608695652254,15.8076171875,15.8076171875,0.6872877038043479
2024-08-20,Thanjavur,validation,1975,2275.0,1968.77,1985.77392578125,,1975,2275.0,,1968.77,1985.77392578125,300.0,300.0,15.18987341772152,,,,-6.230000000000018,6.230000000000018,0.3154430379746845,10.77392578125,10.77392578125,0.5455152294303797
2024-08-21,Pattukottai,validation,2300,2300.0,2236.8,2313.177734375,,2300,2300.0,,2236.8,2313.177734375,0.0,0.0,0.0,,,,-63.19999999999982,63.19999999999982,2.747826086956514,13.177734375,13.177734375,0.5729449728260869
2024-08-21,Thanjavur,validation,1900,1975.0,1953.144,1905.374755859375,,1900,1975.0,,1953.144,1905.374755859375,75.0,75.0,3.9473684210526314,,,,53.144000000000005,53.144000000000005,2.7970526315789477,5.374755859375,5.374755859375,0.28288188733552627
2024-08-22,Pattukottai,validation,2500,2300.0,2451.2,2476.654296875,,2500,2300.0,,2451.2,2476.654296875,-200.0,200.0,8.0,,,,-48.80000000000018,48.80000000000018,1.9520000000000073,-23.345703125,23.345703125,0.933828125
2024-08-23,Thanjavur,validation,1850,1900.0,1903.24,1921.435302734375,,1850,1900.0,,1903.24,1921.435302734375,50.0,50.0,2.7027027027027026,,,,53.24000000000001,53.24000000000001,2.8778378378378386,71.435302734375,71.435302734375,3.861367715371622
2024-08-28,Thanjavur,validation,2900,1850.0,2493.98,2498.0185546875,,2900,1850.0,,2493.98,2498.0185546875,-1050.0,1050.0,36.206896551724135,,,,-406.02,406.02,14.000689655172414,-401.9814453125,401.9814453125,13.861429148706897
2024-08-28,Vallam,validation,2400,2300.0,2296.36,2334.958740234375,,2400,2300.0,,2296.36,2334.958740234375,-100.0,100.0,4.166666666666666,,,,-103.63999999999987,103.63999999999987,4.318333333333328,-65.041259765625,65.041259765625,2.710052490234375
2024-08-29,Papanasam,validation,4000,2400.0,2513.22,2504.408447265625,,4000,2400.0,,2513.22,2504.408447265625,-1600.0,1600.0,40.0,,,,-1486.7800000000002,1486.7800000000002,37.169500000000006,-1495.591552734375,1495.591552734375,37.38978881835938
2024-08-30,Budalur,validation,1200,2375.0,1243.3,1265.935546875,,1200,2375.0,,1243.3,1265.935546875,1175.0,1175.0,97.91666666666666,,,,43.299999999999955,43.299999999999955,3.6083333333333294,65.935546875,65.935546875,5.49462890625
2024-08-30,Pattukottai,validation,2300,2500.0,2254.1,2312.375,,2300,2500.0,,2254.1,2312.375,200.0,200.0,8.695652173913043,,,,-45.90000000000009,45.90000000000009,1.9956521739130473,12.375,12.375,0.5380434782608695
2024-08-30,Vallam,validation,2300,2400.0,2293.86,2347.37744140625,,2300,2400.0,,2293.86,2347.37744140625,100.0,100.0,4.3478260869565215,,,,-6.139999999999873,6.139999999999873,0.26695652173912493,47.37744140625,47.37744140625,2.059888756793478
2024-09-03,Pattukottai,validation,2250,2300.0,2272.6,2266.962158203125,,2250,2300.0,,2272.6,2266.962158203125,50.0,50.0,2.2222222222222223,,,,22.59999999999991,22.59999999999991,1.0044444444444405,16.962158203125,16.962158203125,0.7538736979166667
2024-09-05,Budalur,validation,2310,1200.0,2425.26,2424.903076171875,,2310,1200.0,,2425.26,2424.903076171875,-1110.0,1110.0,48.05194805194805,,,,115.26000000000022,115.26000000000022,4.9896103896104,114.903076171875,114.903076171875,4.9741591416396105
2024-09-06,Papanasam,validation,3500,4000.0,2514.46,2513.164794921875,,3500,4000.0,,2514.46,2513.164794921875,500.0,500.0,14.285714285714285,,,,-985.54,985.54,28.158285714285714,-986.835205078125,986.835205078125,28.195291573660715
2024-09-06,Vallam,validation,2300,2300.0,2295.4,2349.103515625,,2300,2300.0,,2295.4,2349.103515625,0.0,0.0,0.0,,,,-4.599999999999909,4.599999999999909,0.19999999999999607,49.103515625,49.103515625,2.1349354619565215
2024-09-11,Kumbakonam,validation,2000,2100.0,2065.9,2095.607177734375,,2000,2100.0,,2065.9,2095.607177734375,100.0,100.0,5.0,,,,65.90000000000009,65.90000000000009,3.295000000000005,95.607177734375,95.607177734375,4.7803588867187505
2024-09-19,Vallam,validation,2300,2300.0,2295.7,2330.76611328125,,2300,2300.0,,2295.7,2330.76611328125,0.0,0.0,0.0,,,,-4.300000000000182,4.300000000000182,0.18695652173913835,30.76611328125,30.76611328125,1.3376570991847827
2024-09-20,Papanasam,validation,3500,3500.0,2509.46,2511.0771484375,,3500,3500.0,,2509.46,2511.0771484375,0.0,0.0,0.0,,,,-990.54,990.54,28.301142857142857,-988.9228515625,988.9228515625,28.254938616071428
2024-09-20,Vallam,validation,2300,2300.0,2295.16,2350.277587890625,,2300,2300.0,,2295.16,2350.277587890625,0.0,0.0,0.0,,,,-4.8400000000001455,4.8400000000001455,0.210434782608702,50.277587890625,50.277587890625,2.185982082201087
2024-09-24,Thanjavur,validation,1900,2900.0,1970.0,1977.4185791015625,,1900,2900.0,,1970.0,1977.4185791015625,1000.0,1000.0,52.63157894736842,,,,70.0,70.0,3.684210526315789,77.4185791015625,77.4185791015625,4.0746620579769735
2024-09-27,Pattukottai,validation,2050,2250.0,1998.386,2020.6971435546875,,2050,2250.0,,1998.386,2020.6971435546875,200.0,200.0,9.75609756097561,,,,-51.61400000000003,51.61400000000003,2.517756097560977,-29.3028564453125,29.3028564453125,1.4294076314786586
2024-09-27,Vallam,validation,2300,2300.0,2294.96,2354.517578125,,2300,2300.0,,2294.96,2354.517578125,0.0,0.0,0.0,,,,-5.039999999999964,5.039999999999964,0.2191304347826071,54.517578125,54.517578125,2.3703294836956523
2024-09-30,Thanjavur,validation,3250,1900.0,2498.94,2481.093994140625,,3250,1900.0,,2498.94,2481.093994140625,-1350.0,1350.0,41.53846153846154,,,,-751.06,751.06,23.10953846153846,-768.906005859375,768.906005859375,23.658646334134616
2024-10-07,Vallam,validation,2300,2300.0,2387.7,2421.21630859375,,2300,2300.0,,2387.7,2421.21630859375,0.0,0.0,0.0,,,,87.69999999999982,87.69999999999982,3.8130434782608615,121.21630859375,121.21630859375,5.270274286684782
2024-10-09,Papanasam,validation,2800,3500.0,2508.48,2506.987060546875,,2800,3500.0,,2508.48,2506.987060546875,700.0,700.0,25.0,,,,-291.52,291.52,10.41142857142857,-293.012939453125,293.012939453125,10.464747837611608
2024-10-15,Vallam,validation,2400,2300.0,2461.92,2481.82861328125,,2400,2300.0,,2461.92,2481.82861328125,-100.0,100.0,4.166666666666666,,,,61.92000000000007,61.92000000000007,2.580000000000003,81.82861328125,81.82861328125,3.4095255533854165
2024-10-16,Thanjavur,validation,2500,3250.0,2441.06,2461.001220703125,,2500,3250.0,,2441.06,2461.001220703125,750.0,750.0,30.0,,,,-58.940000000000055,58.940000000000055,2.357600000000002,-38.998779296875,38.998779296875,1.559951171875
2024-10-25,Papanasam,validation,3500,2800.0,2506.14,2500.414794921875,,3500,2800.0,,2506.14,2500.414794921875,-700.0,700.0,20.0,,,,-993.8600000000001,993.8600000000001,28.396000000000004,-999.585205078125,999.585205078125,28.559577287946432
2024-10-25,Thiruppananthal,validation,1600,1750.0,1544.02,1477.6541748046875,,1600,1750.0,,1544.02,1477.6541748046875,150.0,150.0,9.375,,,,-55.98000000000002,55.98000000000002,3.498750000000001,-122.3458251953125,122.3458251953125,7.646614074707031
2024-10-28,Kumbakonam,validation,1800,2000.0,1678.272,1736.60205078125,,1800,2000.0,,1678.272,1736.60205078125,200.0,200.0,11.11111111111111,,,,-121.72800000000007,121.72800000000007,6.762666666666671,-63.39794921875,63.39794921875,3.5221082899305554
2024-11-06,Papanasam,validation,2800,3500.0,2500.42,2493.076171875,,2800,3500.0,,2500.42,2493.076171875,700.0,700.0,25.0,,,,-299.5799999999999,299.5799999999999,10.699285714285711,-306.923828125,306.923828125,10.961565290178571
2024-11-08,Papanasam,validation,2800,2800.0,2498.7,2501.825927734375,,2800,2800.0,,2498.7,2501.825927734375,0.0,0.0,0.0,,,,-301.3000000000002,301.3000000000002,10.760714285714293,-298.174072265625,298.174072265625,10.649074009486608
2024-11-08,Thiruppananthal,validation,1650,1600.0,1638.17,1634.1226806640625,,1650,1600.0,,1638.17,1634.1226806640625,-50.0,50.0,3.0303030303030303,,,,-11.829999999999927,11.829999999999927,0.7169696969696926,-15.8773193359375,15.8773193359375,0.9622617779356061
2024-11-22,Thanjavur,validation,2750,2500.0,2497.02,2459.4443359375,,2750,2500.0,,2497.02,2459.4443359375,-250.0,250.0,9.090909090909092,,,,-252.98000000000002,252.98000000000002,9.199272727272728,-290.5556640625,290.5556640625,10.565660511363637
2024-12-02,Thanjavur,validation,2900,2750.0,2502.08,2465.72802734375,,2900,2750.0,,2502.08,2465.72802734375,-150.0,150.0,5.172413793103448,,,,-397.9200000000001,397.9200000000001,13.721379310344831,-434.27197265625,434.27197265625,14.974895608836206
2024-12-04,Papanasam,validation,3800,2800.0,2498.34,2488.606201171875,,3800,2800.0,,2498.34,2488.606201171875,-1000.0,1000.0,26.31578947368421,,,,-1301.6599999999999,1301.6599999999999,34.25421052631579,-1311.393798828125,1311.393798828125,34.51036312705592
2024-12-04,Vallam,validation,2400,2400.0,2396.34,2425.594482421875,,2400,2400.0,,2396.34,2425.594482421875,0.0,0.0,0.0,,,,-3.6599999999998545,3.6599999999998545,0.15249999999999395,25.594482421875,25.594482421875,1.066436767578125
2024-12-05,Kumbakonam,validation,1400,1800.0,1560.16,1581.8681640625,,1400,1800.0,,1560.16,1581.8681640625,400.0,400.0,28.57142857142857,,,,160.16000000000008,160.16000000000008,11.440000000000005,181.8681640625,181.8681640625,12.990583147321427
2024-12-06,Kumbakonam,validation,1400,1400.0,1548.4,1586.9407958984375,,1400,1400.0,,1548.4,1586.9407958984375,0.0,0.0,0.0,,,,148.4000000000001,148.4000000000001,10.600000000000007,186.9407958984375,186.9407958984375,13.352913992745535
2024-12-09,Kumbakonam,validation,1400,1400.0,1499.9,1477.025634765625,,1400,1400.0,,1499.9,1477.025634765625,0.0,0.0,0.0,,,,99.90000000000009,99.90000000000009,7.135714285714292,77.025634765625,77.025634765625,5.5018310546875
2024-12-10,Kumbakonam,validation,1400,1400.0,1468.5,1428.23974609375,,1400,1400.0,,1468.5,1428.23974609375,0.0,0.0,0.0,,,,68.5,68.5,4.892857142857142,28.23974609375,28.23974609375,2.017124720982143
2024-12-11,Kumbakonam,validation,1400,1400.0,1473.8,1478.3587646484375,,1400,1400.0,,1473.8,1478.3587646484375,0.0,0.0,0.0,,,,73.79999999999995,73.79999999999995,5.271428571428568,78.3587646484375,78.3587646484375,5.597054617745536
2024-12-16,Kumbakonam,validation,1400,1400.0,1500.14,1453.752197265625,,1400,1400.0,,1500.14,1453.752197265625,0.0,0.0,0.0,,,,100.1400000000001,100.1400000000001,7.152857142857149,53.752197265625,53.752197265625,3.839442661830357
2024-12-17,Kumbakonam,validation,1400,1400.0,1477.9,1411.0172119140625,,1400,1400.0,,1477.9,1411.0172119140625,0.0,0.0,0.0,,,,77.90000000000009,77.90000000000009,5.564285714285721,11.0172119140625,11.0172119140625,0.7869437081473214
2024-12-19,Papanasam,validation,3000,3800.0,2497.24,2503.947265625,,3000,3800.0,,2497.24,2503.947265625,800.0,800.0,26.666666666666668,,,,-502.7600000000002,502.7600000000002,16.758666666666674,-496.052734375,496.052734375,16.535091145833334
2024-12-20,Vallam,validation,2500,2400.0,2461.34,2495.278076171875,,2500,2400.0,,2461.34,2495.278076171875,-100.0,100.0,4.0,,,,-38.659999999999854,38.659999999999854,1.5463999999999942,-4.721923828125,4.721923828125,0.188876953125
2024-12-24,Kumbakonam,validation,1400,1400.0,1487.6,1414.9832763671875,,1400,1400.0,,1487.6,1414.9832763671875,0.0,0.0,0.0,,,,87.59999999999991,87.59999999999991,6.25714285714285,14.9832763671875,14.9832763671875,1.0702340262276786
2024-12-24,Thanjavur,validation,4600,2900.0,2498.02,2465.46875,,4600,2900.0,,2498.02,2465.46875,-1700.0,1700.0,36.95652173913043,,,,-2101.98,2101.98,45.69521739130435,-2134.53125,2134.53125,46.40285326086956
2024-12-24,Vallam,validation,2400,2500.0,2471.24,2532.400146484375,,2400,2500.0,,2471.24,2532.400146484375,100.0,100.0,4.166666666666666,,,,71.23999999999978,71.23999999999978,2.9683333333333244,132.400146484375,132.400146484375,5.516672770182292
2024-12-26,Orathanadu,validation,1900,2500.0,1959.62,2011.6983642578125,,1900,2500.0,,1959.62,2011.6983642578125,600.0,600.0,31.57894736842105,,,,59.61999999999989,59.61999999999989,3.137894736842099,111.6983642578125,111.6983642578125,5.8788612767269735
2024-12-26,Vallam,validation,2400,2400.0,2414.42,2429.125732421875,,2400,2400.0,,2414.42,2429.125732421875,0.0,0.0,0.0,,,,14.420000000000073,14.420000000000073,0.6008333333333363,29.125732421875,29.125732421875,1.2135721842447917
2024-12-30,Vallam,validation,2400,2400.0,2413.86,2414.690673828125,,2400,2400.0,,2413.86,2414.690673828125,0.0,0.0,0.0,,,,13.860000000000127,13.860000000000127,0.5775000000000052,14.690673828125,14.690673828125,0.6121114095052083
2024-12-31,Kumbakonam,validation,1400,1400.0,1453.4,1412.699951171875,,1400,1400.0,,1453.4,1412.699951171875,0.0,0.0,0.0,,,,53.40000000000009,53.40000000000009,3.8142857142857207,12.699951171875,12.699951171875,0.9071393694196428
2024-12-31,Thanjavur,validation,2400,4600.0,2433.2,2419.570556640625,,2400,4600.0,,2433.2,2419.570556640625,2200.0,2200.0,91.66666666666666,,,,33.19999999999982,33.19999999999982,1.3833333333333258,19.570556640625,19.570556640625,0.8154398600260416
2025-01-03,Papanasam,test,3800,3000.0,2497.54,2489.86181640625,,3800,3000.0,,2497.54,2489.86181640625,-800.0,800.0,21.052631578947366,,,,-1302.46,1302.46,34.275263157894734,-1310.13818359375,1310.13818359375,34.47732062088816
2025-01-03,Thanjavur,test,2750,2400.0,2493.9,2464.838623046875,,2750,2400.0,,2493.9,2464.838623046875,-350.0,350.0,12.727272727272727,,,,-256.0999999999999,256.0999999999999,9.312727272727269,-285.161376953125,285.161376953125,10.369504616477272
2025-01-03,Vallam,test,2400,2400.0,2414.36,2409.097900390625,,2400,2400.0,,2414.36,2409.097900390625,0.0,0.0,0.0,,,,14.360000000000127,14.360000000000127,0.5983333333333386,9.097900390625,9.097900390625,0.3790791829427083
2025-01-07,Pattukottai,test,2420,2050.0,2442.3,2415.4755859375,,2420,2050.0,,2442.3,2415.4755859375,-370.0,370.0,15.289256198347106,,,,22.300000000000182,22.300000000000182,0.9214876033057926,-4.5244140625,4.5244140625,0.18695925878099173
2025-01-08,Vallam,test,2300,2400.0,2405.04,2383.989990234375,,2300,2400.0,,2405.04,2383.989990234375,100.0,100.0,4.3478260869565215,,,,105.03999999999996,105.03999999999996,4.566956521739129,83.989990234375,83.989990234375,3.651738705842391
2025-01-09,Thanjavur,test,2450,2750.0,2433.7,2414.514892578125,,2450,2750.0,,2433.7,2414.514892578125,300.0,300.0,12.244897959183673,,,,-16.300000000000182,16.300000000000182,0.665306122448987,-35.485107421875,35.485107421875,1.4483717315051021
2025-01-09,Vallam,test,2300,2300.0,2308.16,2309.95849609375,,2300,2300.0,,2308.16,2309.95849609375,0.0,0.0,0.0,,,,8.159999999999854,8.159999999999854,0.3547826086956459,9.95849609375,9.95849609375,0.4329780910326087
2025-01-21,Budalur,test,2300,2310.0,2382.26,2321.013916015625,,2300,2310.0,,2382.26,2321.013916015625,10.0,10.0,0.43478260869565216,,,,82.26000000000022,82.26000000000022,3.576521739130444,21.013916015625,21.013916015625,0.9136485224184784
2025-01-21,Kumbakonam,test,1400,1400.0,1422.8,1394.81591796875,,1400,1400.0,,1422.8,1394.81591796875,0.0,0.0,0.0,,,,22.799999999999955,22.799999999999955,1.6285714285714255,-5.18408203125,5.18408203125,0.37029157366071425
2025-01-22,Pattukottai,test,2100,2420.0,2279.7,2274.26513671875,,2100,2420.0,,2279.7,2274.26513671875,320.0,320.0,15.238095238095239,,,,179.69999999999982,179.69999999999982,8.557142857142848,174.26513671875,174.26513671875,8.29833984375
2025-01-22,Vallam,test,2400,2300.0,2399.3,2361.003173828125,,2400,2300.0,,2399.3,2361.003173828125,-100.0,100.0,4.166666666666666,,,,-0.6999999999998181,0.6999999999998181,0.029166666666659086,-38.996826171875,38.996826171875,1.6248677571614583
2025-01-23,Pattukottai,test,2100,2100.0,2272.4,2237.164306640625,,2100,2100.0,,2272.4,2237.164306640625,0.0,0.0,0.0,,,,172.4000000000001,172.4000000000001,8.209523809523814,137.164306640625,137.164306640625,6.531633649553571
2025-01-27,Budalur,test,2500,2300.0,2437.52,2450.050048828125,,2500,2300.0,,2437.52,2450.050048828125,-200.0,200.0,8.0,,,,-62.48000000000002,62.48000000000002,2.4992000000000005,-49.949951171875,49.949951171875,1.9979980468749998
2025-01-27,Pattukottai,test,2200,2100.0,2273.3,2213.236572265625,,2200,2100.0,,2273.3,2213.236572265625,-100.0,100.0,4.545454545454546,,,,73.30000000000018,73.30000000000018,3.33181818181819,13.236572265625,13.236572265625,0.6016623757102273
2025-01-27,Thanjavur,test,2750,2450.0,2489.54,2461.553955078125,,2750,2450.0,,2489.54,2461.553955078125,-300.0,300.0,10.909090909090908,,,,-260.46000000000004,260.46000000000004,9.471272727272728,-288.446044921875,288.446044921875,10.488947088068182
2025-01-27,Thiruppananthal,test,2250,1650.0,2208.4,2161.3408203125,,2250,1650.0,,2208.4,2161.3408203125,-600.0,600.0,26.666666666666668,,,,-41.59999999999991,41.59999999999991,1.848888888888885,-88.6591796875,88.6591796875,3.9404079861111114
2025-01-28,Budalur,test,2500,2500.0,2441.76,2463.706787109375,,2500,2500.0,,2441.76,2463.706787109375,0.0,0.0,0.0,,,,-58.23999999999978,58.23999999999978,2.3295999999999912,-36.293212890625,36.293212890625,1.451728515625
2025-01-29,Budalur,test,2400,2500.0,2443.28,2409.580322265625,,2400,2500.0,,2443.28,2409.580322265625,100.0,100.0,4.166666666666666,,,,43.2800000000002,43.2800000000002,1.8033333333333414,9.580322265625,9.580322265625,0.3991800944010417
2025-01-30,Budalur,test,2400,2400.0,2441.7,2409.455322265625,,2400,2400.0,,2441.7,2409.455322265625,0.0,0.0,0.0,,,,41.69999999999982,41.69999999999982,1.7374999999999925,9.455322265625,9.455322265625,0.3939717610677083
2025-01-30,Orathanadu,test,2150,1900.0,2127.448,2156.265625,,2150,1900.0,,2127.448,2156.265625,-250.0,250.0,11.627906976744185,,,,-22.552000000000135,22.552000000000135,1.0489302325581458,6.265625,6.265625,0.2914244186046512
2025-01-31,Orathanadu,test,2150,2150.0,2111.044,2108.385498046875,,2150,2150.0,,2111.044,2108.385498046875,0.0,0.0,0.0,,,,-38.95600000000013,38.95600000000013,1.811906976744192,-41.614501953125,41.614501953125,1.935558230377907
2025-02-01,Thiruppananthal,test,2200,2250.0,2208.5,2204.50048828125,,2200,2250.0,,2208.5,2204.50048828125,50.0,50.0,2.272727272727273,,,,8.5,8.5,0.38636363636363635,4.50048828125,4.50048828125,0.20456764914772727
2025-02-03,Orathanadu,test,2150,2150.0,2106.512,2106.74755859375,,2150,2150.0,,2106.512,2106.74755859375,0.0,0.0,0.0,,,,-43.48799999999983,43.48799999999983,2.0226976744185965,-43.25244140625,43.25244140625,2.0117414607558137
2025-02-04,Papanasam,test,3000,3800.0,2496.76,2494.9873046875,,3000,3800.0,,2496.76,2494.9873046875,800.0,800.0,26.666666666666668,,,,-503.2399999999998,503.2399999999998,16.77466666666666,-505.0126953125,505.0126953125,16.833756510416666
2025-02-04,Thiruppananthal,test,2200,2200.0,2208.3,2199.1796875,,2200,2200.0,,2208.3,2199.1796875,0.0,0.0,0.0,,,,8.300000000000182,8.300000000000182,0.37727272727273553,-0.8203125,0.8203125,0.03728693181818182
2025-02-06,Pattukottai,test,2200,2200.0,2271.2,2229.90771484375,,2200,2200.0,,2271.2,2229.90771484375,0.0,0.0,0.0,,,,71.19999999999982,71.19999999999982,3.2363636363636283,29.90771484375,29.90771484375,1.3594415838068181
2025-02-07,Thanjavur,test,2550,2750.0,2444.3,2470.393310546875,,2550,2750.0,,2444.3,2470.393310546875,200.0,200.0,7.8431372549019605,,,,-105.69999999999982,105.69999999999982,4.1450980392156795,-79.606689453125,79.606689453125,3.1218309589460786
2025-02-07,Thiruppananthal,test,2200,2200.0,2209.1,2220.15966796875,,2200,2200.0,,2209.1,2220.15966796875,0.0,0.0,0.0,,,,9.099999999999909,9.099999999999909,0.4136363636363595,20.15966796875,20.15966796875,0.9163485440340908
2025-02-10,Pattukottai,test,2200,2200.0,2271.1,2256.65087890625,,2200,2200.0,,2271.1,2256.65087890625,0.0,0.0,0.0,,,,71.09999999999991,71.09999999999991,3.2318181818181775,56.65087890625,56.65087890625,2.575039950284091
2025-02-13,Budalur,test,2080,2400.0,2091.974,2093.968994140625,,2080,2400.0,,2091.974,2093.968994140625,320.0,320.0,15.384615384615385,,,,11.97400000000016,11.97400000000016,0.5756730769230847,13.968994140625,13.968994140625,0.6715862567608173
2025-02-13,Papanasam,test,3200,3000.0,2488.62,2509.525634765625,,3200,3000.0,,2488.62,2509.525634765625,-200.0,200.0,6.25,,,,-711.3800000000001,711.3800000000001,22.230625000000003,-690.474365234375,690.474365234375,21.57732391357422
2025-02-14,Budalur,test,2400,2080.0,2443.42,2440.857421875,,2400,2080.0,,2443.42,2440.857421875,-320.0,320.0,13.333333333333334,,,,43.42000000000007,43.42000000000007,1.8091666666666697,40.857421875,40.857421875,1.702392578125
2025-02-14,Thiruppananthal,test,2100,2200.0,2125.934,2136.95068359375,,2100,2200.0,,2125.934,2136.95068359375,100.0,100.0,4.761904761904762,,,,25.934000000000196,25.934000000000196,1.2349523809523903,36.95068359375,36.95068359375,1.7595563616071428
2025-02-17,Budalur,test,2400,2400.0,2440.86,2440.29736328125,,2400,2400.0,,2440.86,2440.29736328125,0.0,0.0,0.0,,,,40.86000000000013,40.86000000000013,1.7025000000000055,40.29736328125,40.29736328125,1.6790568033854167
2025-02-17,Thanjavur,test,2500,2550.0,2445.94,2496.452880859375,,2500,2550.0,,2445.94,2496.452880859375,50.0,50.0,2.0,,,,-54.059999999999945,54.059999999999945,2.1623999999999977,-3.547119140625,3.547119140625,0.14188476562500002
2025-02-18,Budalur,test,2400,2400.0,2435.26,2429.75048828125,,2400,2400.0,,2435.26,2429.75048828125,0.0,0.0,0.0,,,,35.26000000000022,35.26000000000022,1.4691666666666758,29.75048828125,29.75048828125,1.2396036783854167
2025-02-18,Thanjavur,test,2500,2500.0,2446.18,2476.805908203125,,2500,2500.0,,2446.18,2476.805908203125,0.0,0.0,0.0,,,,-53.820000000000164,53.820000000000164,2.1528000000000063,-23.194091796875,23.194091796875,0.927763671875
2025-02-19,Thanjavur,test,2500,2500.0,2444.4,2512.75830078125,,2500,2500.0,,2444.4,2512.75830078125,0.0,0.0,0.0,,,,-55.59999999999991,55.59999999999991,2.2239999999999966,12.75830078125,12.75830078125,0.5103320312499999
2025-02-20,Budalur,test,1650,2400.0,1660.192,1777.136962890625,,1650,2400.0,,1660.192,1777.136962890625,750.0,750.0,45.45454545454545,,,,10.192000000000007,10.192000000000007,0.6176969696969702,127.136962890625,127.136962890625,7.705270478219697
2025-02-20,Kumbakonam,test,1400,1400.0,1425.0,1415.9229736328125,,1400,1400.0,,1425.0,1415.9229736328125,0.0,0.0,0.0,,,,25.0,25.0,1.7857142857142856,15.9229736328125,15.9229736328125,1.1373552594866072
2025-02-20,Thanjavur,test,2900,2500.0,2494.28,2502.994140625,,2900,2500.0,,2494.28,2502.994140625,-400.0,400.0,13.793103448275861,,,,-405.7199999999998,405.7199999999998,13.9903448275862,-397.005859375,397.005859375,13.689857219827587
2025-02-21,Kumbakonam,test,1400,1400.0,1442.1,1466.23388671875,,1400,1400.0,,1442.1,1466.23388671875,0.0,0.0,0.0,,,,42.09999999999991,42.09999999999991,3.0071428571428505,66.23388671875,66.23388671875,4.730991908482142
2025-02-25,Orathanadu,test,2550,2150.0,2446.82,2527.22265625,,2550,2150.0,,2446.82,2527.22265625,-400.0,400.0,15.686274509803921,,,,-103.17999999999984,103.17999999999984,4.046274509803915,-22.77734375,22.77734375,0.8932291666666666
2025-02-25,Thanjavur,test,2500,2900.0,2444.0,2500.634765625,,2500,2900.0,,2444.0,2500.634765625,400.0,400.0,16.0,,,,-56.0,56.0,2.2399999999999998,0.634765625,0.634765625,0.025390625
2025-02-26,Kumbakonam,test,2100,1400.0,2180.7,2177.642822265625,,2100,1400.0,,2180.7,2177.642822265625,-700.0,700.0,33.33333333333333,,,,80.69999999999982,80.69999999999982,3.842857142857134,77.642822265625,77.642822265625,3.697277250744048
2025-02-26,Orathanadu,test,2550,2550.0,2482.46,2484.360595703125,,2550,2550.0,,2482.46,2484.360595703125,0.0,0.0,0.0,,,,-67.53999999999996,67.53999999999996,2.6486274509803907,-65.639404296875,65.639404296875,2.574094286151961
2025-02-26,Thiruppananthal,test,2500,2100.0,2457.2,2496.156005859375,,2500,2100.0,,2457.2,2496.156005859375,-400.0,400.0,16.0,,,,-42.80000000000018,42.80000000000018,1.7120000000000073,-3.843994140625,3.843994140625,0.153759765625
2025-02-27,Pattukottai,test,2500,2200.0,2460.14,2520.910400390625,,2500,2200.0,,2460.14,2520.910400390625,-300.0,300.0,12.0,,,,-39.86000000000013,39.86000000000013,1.5944000000000051,20.910400390625,20.910400390625,0.836416015625
2025-02-28,Orathanadu,test,2550,2550.0,2476.58,2469.604248046875,,2550,2550.0,,2476.58,2469.604248046875,0.0,0.0,0.0,,,,-73.42000000000007,73.42000000000007,2.8792156862745126,-80.395751953125,80.395751953125,3.1527745863970584
2025-02-28,Papanasam,test,2800,3200.0,2433.86,2393.90625,,2800,3200.0,,2433.86,2393.90625,400.0,400.0,14.285714285714285,,,,-366.1399999999999,366.1399999999999,13.076428571428567,-406.09375,406.09375,14.503348214285714
2025-03-01,Papanasam,test,2800,2800.0,2490.72,2489.1142578125,,2800,2800.0,,2490.72,2489.1142578125,0.0,0.0,0.0,,,,-309.2800000000002,309.2800000000002,11.045714285714293,-310.8857421875,310.8857421875,11.103062220982144
2025-03-03,Kumbakonam,test,2100,2100.0,2183.0,2177.709716796875,,2100,2100.0,,2183.0,2177.709716796875,0.0,0.0,0.0,,,,83.0,83.0,3.9523809523809526,77.709716796875,77.709716796875,3.7004627046130953
2025-03-03,Thanjavur,test,2900,2500.0,2494.34,2482.1328125,,2900,2500.0,,2494.34,2482.1328125,-400.0,400.0,13.793103448275861,,,,-405.65999999999985,405.65999999999985,13.98827586206896,-417.8671875,417.8671875,14.409213362068964
2025-03-04,Thanjavur,test,2500,2900.0,2444.2,2497.805908203125,,2500,2900.0,,2444.2,2497.805908203125,400.0,400.0,16.0,,,,-55.80000000000018,55.80000000000018,2.2320000000000073,-2.194091796875,2.194091796875,0.087763671875
2025-03-06,Budalur,test,2400,1650.0,2437.12,2416.464111328125,,2400,1650.0,,2437.12,2416.464111328125,-750.0,750.0,31.25,,,,37.11999999999989,37.11999999999989,1.5466666666666622,16.464111328125,16.464111328125,0.686004638671875
2025-03-06,Papanasam,test,2500,2800.0,2409.32,2383.881103515625,,2500,2800.0,,2409.32,2383.881103515625,300.0,300.0,12.0,,,,-90.67999999999984,90.67999999999984,3.6271999999999935,-116.118896484375,116.118896484375,4.6447558593750005
2025-03-06,Pattukottai,test,2500,2500.0,2456.76,2498.678466796875,,2500,2500.0,,2456.76,2498.678466796875,0.0,0.0,0.0,,,,-43.23999999999978,43.23999999999978,1.7295999999999911,-1.321533203125,1.321533203125,0.052861328125
2025-03-10,Thanjavur,test,4300,2500.0,2494.24,2499.644775390625,,4300,2500.0,,2494.24,2499.644775390625,-1800.0,1800.0,41.86046511627907,,,,-1805.7600000000002,1805.7600000000002,41.994418604651166,-1800.355224609375,1800.355224609375,41.86872615370639
2025-03-11,Thanjavur,test,2900,4300.0,2494.04,2475.54052734375,,2900,4300.0,,2494.04,2475.54052734375,1400.0,1400.0,48.275862068965516,,,,-405.96000000000004,405.96000000000004,13.998620689655173,-424.45947265625,424.45947265625,14.636533539870689
2025-03-13,Thanjavur,test,2900,2900.0,2494.54,2476.186767578125,,2900,2900.0,,2494.54,2476.186767578125,0.0,0.0,0.0,,,,-405.46000000000004,405.46000000000004,13.98137931034483,-423.813232421875,423.813232421875,14.614249393857758
2025-03-14,Kumbakonam,test,2300,2100.0,2190.12,2269.105224609375,,2300,2100.0,,2190.12,2269.105224609375,-200.0,200.0,8.695652173913043,,,,-109.88000000000011,109.88000000000011,4.77739130434783,-30.894775390625,30.894775390625,1.3432511039402173
2025-03-14,Pattukottai,test,2250,2500.0,2279.1,2247.304443359375,,2250,2500.0,,2279.1,2247.304443359375,250.0,250.0,11.11111111111111,,,,29.09999999999991,29.09999999999991,1.2933333333333292,-2.695556640625,2.695556640625,0.11980251736111111
2025-03-14,Thanjavur,test,2500,2900.0,2444.4,2497.737548828125,,2500,2900.0,,2444.4,2497.737548828125,400.0,400.0,16.0,,,,-55.59999999999991,55.59999999999991,2.2239999999999966,-2.262451171875,2.262451171875,0.090498046875
2025-03-15,Pattukottai,test,2500,2250.0,2432.38,2527.03271484375,,2500,2250.0,,2432.38,2527.03271484375,-250.0,250.0,10.0,,,,-67.61999999999989,67.61999999999989,2.7047999999999957,27.03271484375,27.03271484375,1.08130859375
2025-03-15,Thanjavur,test,2100,2500.0,2094.388,2089.025146484375,,2100,2500.0,,2094.388,2089.025146484375,400.0,400.0,19.047619047619047,,,,-5.61200000000008,5.61200000000008,0.26723809523809905,-10.974853515625,10.974853515625,0.5226120721726191
2025-03-17,Kumbakonam,test,2300,2300.0,2199.7,2296.007568359375,,2300,2300.0,,2199.7,2296.007568359375,0.0,0.0,0.0,,,,-100.30000000000018,100.30000000000018,4.360869565217399,-3.992431640625,3.992431640625,0.173583984375
2025-03-17,Thanjavur,test,2500,2100.0,2443.1,2495.775390625,,2500,2100.0,,2443.1,2495.775390625,-400.0,400.0,16.0,,,,-56.90000000000009,56.90000000000009,2.276000000000004,-4.224609375,4.224609375,0.168984375
